Year,Country,Crop_Type,Crop_Yield_MT_per_HA
1990,Argentina,Barley,6.456
1990,Argentina,Coffee,6.436
1990,Argentina,Corn,6.379
1990,Argentina,Cotton,3.1950000000000003
1990,Argentina,Fruits,12.246
1990,Argentina,Rice,8.059000000000001
1990,Argentina,Soybeans,1.68
1990,Argentina,Sugarcane,4.221
1990,Argentina,Vegetables,5.9670000000000005
1990,Argentina,Wheat,5.373
1990,Australia,Barley,3.53
1990,Australia,Coffee,3.75
1990,Australia,Corn,7.252000000000001
1990,Australia,Cotton,17.752
1990,Australia,Fruits,9.266
1990,Australia,Rice,4.446
1990,Australia,Sugarcane,3.177
1990,Australia,Vegetables,4.824
1990,Australia,Wheat,10.331
1990,Brazil,Coffee,2.1870000000000003
1990,Brazil,Corn,0.67
1990,Brazil,Cotton,4.9190000000000005
1990,Brazil,Fruits,4.8919999999999995
1990,Brazil,Rice,7.17
1990,Brazil,Soybeans,1.845
1990,Brazil,Sugarcane,2.7550000000000003
1990,Brazil,Vegetables,2.421
1990,Brazil,Wheat,5.364000000000001
1990,Canada,Barley,14.911000000000001
1990,Canada,Coffee,5.94
1990,Canada,Corn,16.579
1990,Canada,Cotton,5.199999999999999
1990,Canada,Fruits,7.792
1990,Canada,Soybeans,1.053
1990,Canada,Sugarcane,2.439
1990,Canada,Vegetables,5.049
1990,Canada,Wheat,7.215
1990,China,Barley,10.3
1990,China,Coffee,3.73
1990,China,Corn,4.117
1990,China,Cotton,9.864
1990,China,Fruits,7.96
1990,China,Rice,4.202999999999999
1990,China,Soybeans,6.776
1990,China,Sugarcane,2.6580000000000004
1990,China,Vegetables,9.766
1990,China,Wheat,7.315
1990,France,Barley,12.443999999999999
1990,France,Coffee,4.644
1990,France,Cotton,7.173
1990,France,Fruits,3.609
1990,France,Rice,8.748
1990,France,Soybeans,8.63
1990,France,Sugarcane,1.08
1990,France,Vegetables,10.803
1990,France,Wheat,1.45
1990,India,Corn,2.687
1990,India,Cotton,8.337
1990,India,Fruits,5.462999999999999
1990,India,Soybeans,1.3
1990,India,Sugarcane,12.042
1990,India,Vegetables,10.791
1990,India,Wheat,6.842
1990,Nigeria,Barley,8.072
1990,Nigeria,Coffee,8.896
1990,Nigeria,Corn,5.503
1990,Nigeria,Cotton,1.18
1990,Nigeria,Fruits,10.965
1990,Nigeria,Rice,7.851999999999999
1990,Nigeria,Soybeans,5.815
1990,Nigeria,Sugarcane,4.7330000000000005
1990,Nigeria,Vegetables,5.292
1990,Nigeria,Wheat,5.94
1990,Russia,Barley,4.851
1990,Russia,Coffee,12.538
1990,Russia,Corn,4.843
1990,Russia,Cotton,8.163
1990,Russia,Fruits,5.7620000000000005
1990,Russia,Rice,1.2
1990,Russia,Soybeans,13.785
1990,Russia,Sugarcane,5.170999999999999
1990,Russia,Vegetables,4.483
1990,USA,Barley,6.735
1990,USA,Coffee,4.552
1990,USA,Fruits,9.93
1990,USA,Rice,2.0160000000000005
1990,USA,Soybeans,4.53
1990,USA,Sugarcane,6.199
1990,USA,Vegetables,2.088
1990,USA,Wheat,1.089
1991,Argentina,Barley,1.2060000000000002
1991,Argentina,Coffee,12.947
1991,Argentina,Corn,8.146
1991,Argentina,Cotton,1.68
1991,Argentina,Fruits,18.082
1991,Argentina,Rice,10.152000000000001
1991,Argentina,Soybeans,9.152000000000001
1991,Argentina,Sugarcane,10.222000000000001
1991,Argentina,Vegetables,5.714
1991,Australia,Barley,2.79
1991,Australia,Corn,13.706999999999999
1991,Australia,Cotton,3.859
1991,Australia,Fruits,6.541
1991,Australia,Rice,11.931000000000001
1991,Australia,Soybeans,3.386
1991,Australia,Sugarcane,3.55
1991,Australia,Vegetables,10.043
1991,Australia,Wheat,3.7800000000000002
1991,Brazil,Barley,1.35
1991,Brazil,Coffee,3.22
1991,Brazil,Corn,11.001999999999999
1991,Brazil,Cotton,8.17
1991,Brazil,Fruits,4.101
1991,Brazil,Soybeans,11.061
1991,Brazil,Sugarcane,3.398
1991,Brazil,Vegetables,2.73
1991,Brazil,Wheat,14.293
1991,Canada,Barley,6.93
1991,Canada,Coffee,10.438
1991,Canada,Corn,8.594
1991,Canada,Cotton,3.671
1991,Canada,Fruits,6.667
1991,Canada,Rice,7.96
1991,Canada,Soybeans,5.742
1991,Canada,Vegetables,4.04
1991,Canada,Wheat,8.39
1991,China,Barley,3.879
1991,China,Coffee,6.949
1991,China,Corn,0.99
1991,China,Cotton,14.894
1991,China,Fruits,7.747999999999999
1991,China,Rice,6.48
1991,China,Soybeans,4.442
1991,China,Sugarcane,12.48
1991,China,Vegetables,7.681
1991,China,Wheat,18.938
1991,France,Barley,5.220000000000001
1991,France,Coffee,5.431
1991,France,Corn,4.301
1991,France,Cotton,6.787
1991,France,Fruits,3.05
1991,France,Rice,14.058
1991,France,Soybeans,7.023
1991,France,Sugarcane,8.791
1991,France,Vegetables,24.57
1991,India,Barley,14.759
1991,India,Coffee,3.503
1991,India,Corn,13.57
1991,India,Cotton,2.3129999999999997
1991,India,Fruits,6.99
1991,India,Rice,6.08
1991,India,Soybeans,2.511
1991,India,Sugarcane,13.943999999999999
1991,India,Vegetables,9.27
1991,India,Wheat,1.872
1991,Nigeria,Barley,6.002
1991,Nigeria,Coffee,3.286
1991,Nigeria,Corn,6.51
1991,Nigeria,Cotton,8.362
1991,Nigeria,Fruits,14.187
1991,Nigeria,Rice,3.0780000000000003
1991,Nigeria,Soybeans,5.6690000000000005
1991,Nigeria,Sugarcane,5.641
1991,Nigeria,Vegetables,5.220000000000001
1991,Nigeria,Wheat,6.234999999999999
1991,Russia,Barley,3.23
1991,Russia,Coffee,8.802
1991,Russia,Corn,4.605
1991,Russia,Cotton,0.558
1991,Russia,Fruits,15.832
1991,Russia,Rice,11.967
1991,Russia,Soybeans,8.692
1991,Russia,Sugarcane,5.994
1991,Russia,Vegetables,1.24
1991,Russia,Wheat,10.2
1991,USA,Barley,6.696
1991,USA,Coffee,10.304
1991,USA,Corn,4.1850000000000005
1991,USA,Cotton,2.907
1991,USA,Fruits,8.963999999999999
1991,USA,Rice,10.336
1991,USA,Soybeans,2.26
1991,USA,Sugarcane,1.647
1991,USA,Vegetables,7.173
1991,USA,Wheat,8.928
1992,Argentina,Barley,6.271000000000001
1992,Argentina,Coffee,4.8420000000000005
1992,Argentina,Corn,12.436
1992,Argentina,Cotton,2.76
1992,Argentina,Fruits,7.055
1992,Argentina,Rice,5.589
1992,Argentina,Soybeans,6.675
1992,Argentina,Vegetables,1.467
1992,Argentina,Wheat,5.516
1992,Australia,Barley,4.276
1992,Australia,Coffee,2.636
1992,Australia,Corn,5.404
1992,Australia,Cotton,9.546
1992,Australia,Fruits,8.453
1992,Australia,Rice,3.249
1992,Australia,Soybeans,6.9
1992,Australia,Sugarcane,8.799
1992,Australia,Vegetables,8.172
1992,Australia,Wheat,12.504999999999999
1992,Brazil,Barley,3.0780000000000003
1992,Brazil,Coffee,3.2940000000000005
1992,Brazil,Corn,1.863
1992,Brazil,Cotton,11.91
1992,Brazil,Fruits,1.5
1992,Brazil,Rice,6.3759999999999994
1992,Brazil,Soybeans,8.816
1992,Brazil,Sugarcane,1.92
1992,Brazil,Vegetables,8.653
1992,Brazil,Wheat,1.845
1992,Canada,Barley,0.95
1992,Canada,Coffee,1.18
1992,Canada,Corn,1.31
1992,Canada,Cotton,2.3129999999999997
1992,Canada,Fruits,6.796
1992,Canada,Rice,5.735
1992,Canada,Soybeans,3.879
1992,Canada,Sugarcane,3.13
1992,Canada,Vegetables,10.504
1992,Canada,Wheat,18.005000000000003
1992,China,Barley,7.221
1992,China,Coffee,6.422000000000001
1992,China,Cotton,7.7330000000000005
1992,China,Fruits,8.07
1992,China,Rice,5.306000000000001
1992,China,Soybeans,8.361
1992,China,Sugarcane,3.924
1992,China,Wheat,8.098
1992,France,Barley,7.369
1992,France,Coffee,5.384
1992,France,Corn,9.09
1992,France,Cotton,0.855
1992,France,Fruits,5.404999999999999
1992,France,Rice,2.093
1992,France,Soybeans,1.197
1992,France,Sugarcane,5.242
1992,France,Vegetables,11.373999999999999
1992,France,Wheat,2.56
1992,India,Barley,3.8100000000000005
1992,India,Coffee,9.581999999999999
1992,India,Corn,9.593
1992,India,Cotton,10.774000000000001
1992,India,Fruits,9.209999999999999
1992,India,Rice,3.321
1992,India,Soybeans,5.245
1992,India,Sugarcane,0.945
1992,India,Vegetables,17.867
1992,India,Wheat,6.412
1992,Nigeria,Barley,12.152000000000001
1992,Nigeria,Coffee,0.783
1992,Nigeria,Corn,3.832
1992,Nigeria,Cotton,12.677999999999999
1992,Nigeria,Fruits,7.147
1992,Nigeria,Rice,3.6599999999999997
1992,Nigeria,Soybeans,5.722
1992,Nigeria,Sugarcane,17.272
1992,Nigeria,Wheat,19.598
1992,Russia,Barley,6.29
1992,Russia,Coffee,11.753
1992,Russia,Corn,3.798
1992,Russia,Cotton,6.075
1992,Russia,Fruits,5.457
1992,Russia,Rice,13.682
1992,Russia,Soybeans,4.23
1992,Russia,Sugarcane,5.407
1992,Russia,Vegetables,0.864
1992,Russia,Wheat,5.6129999999999995
1992,USA,Barley,8.443
1992,USA,Coffee,5.960000000000001
1992,USA,Cotton,4.414
1992,USA,Rice,3.17
1992,USA,Soybeans,2.89
1992,USA,Sugarcane,7.43
1992,USA,Vegetables,4.308
1992,USA,Wheat,1.5
1993,Argentina,Barley,8.915
1993,Argentina,Coffee,2.268
1993,Argentina,Corn,1.24
1993,Argentina,Cotton,8.307
1993,Argentina,Fruits,5.41
1993,Argentina,Rice,3.205
1993,Argentina,Soybeans,1.8
1993,Argentina,Sugarcane,1.773
1993,Argentina,Vegetables,4.473
1993,Argentina,Wheat,3.42
1993,Australia,Barley,3.44
1993,Australia,Coffee,14.663
1993,Australia,Corn,4.167
1993,Australia,Cotton,4.202999999999999
1993,Australia,Fruits,17.067999999999998
1993,Australia,Rice,5.59
1993,Australia,Soybeans,8.011
1993,Australia,Sugarcane,6.723000000000001
1993,Australia,Vegetables,3.48
1993,Australia,Wheat,4.5
1993,Brazil,Barley,12.952
1993,Brazil,Coffee,5.112
1993,Brazil,Corn,9.225
1993,Brazil,Cotton,1.953
1993,Brazil,Fruits,2.4120000000000004
1993,Brazil,Rice,13.373999999999999
1993,Brazil,Soybeans,1.872
1993,Brazil,Sugarcane,9.388
1993,Brazil,Vegetables,6.9
1993,Brazil,Wheat,13.013
1993,Canada,Barley,8.862
1993,Canada,Coffee,4.635000000000001
1993,Canada,Corn,3.888
1993,Canada,Cotton,4.652
1993,Canada,Fruits,6.208
1993,Canada,Rice,3.087
1993,Canada,Soybeans,7.038
1993,Canada,Sugarcane,6.1240000000000006
1993,Canada,Vegetables,9.505
1993,Canada,Wheat,2.55
1993,China,Barley,7.173
1993,China,Coffee,9.728
1993,China,Corn,6.84
1993,China,Cotton,10.262
1993,China,Fruits,1.386
1993,China,Rice,4.99
1993,China,Soybeans,12.738
1993,China,Sugarcane,4.14
1993,China,Vegetables,9.835
1993,China,Wheat,4.419
1993,France,Barley,5.607
1993,France,Coffee,2.434
1993,France,Corn,8.772
1993,France,Cotton,5.535
1993,France,Fruits,8.629
1993,France,Rice,5.438000000000001
1993,France,Sugarcane,4.216
1993,France,Vegetables,8.52
1993,France,Wheat,15.827
1993,India,Barley,0.639
1993,India,Coffee,1.602
1993,India,Corn,1.67
1993,India,Cotton,4.84
1993,India,Fruits,4.518000000000001
1993,India,Rice,4.31
1993,India,Sugarcane,9.833000000000002
1993,India,Vegetables,9.144
1993,India,Wheat,3.13
1993,Nigeria,Barley,4.743
1993,Nigeria,Coffee,3.807
1993,Nigeria,Corn,2.69
1993,Nigeria,Cotton,11.408999999999999
1993,Nigeria,Fruits,2.86
1993,Nigeria,Rice,5.316
1993,Nigeria,Soybeans,11.027000000000001
1993,Nigeria,Vegetables,1.836
1993,Nigeria,Wheat,2.8440000000000003
1993,Russia,Barley,5.9399999999999995
1993,Russia,Coffee,3.645
1993,Russia,Corn,2.781
1993,Russia,Cotton,4.863
1993,Russia,Fruits,1.1880000000000002
1993,Russia,Rice,3.63
1993,Russia,Soybeans,3.677
1993,Russia,Sugarcane,4.89
1993,Russia,Vegetables,15.641
1993,Russia,Wheat,2.78
1993,USA,Barley,3.3120000000000003
1993,USA,Coffee,11.283999999999999
1993,USA,Corn,1.4220000000000002
1993,USA,Cotton,1.92
1993,USA,Fruits,9.158
1993,USA,Rice,13.766
1993,USA,Soybeans,16.043
1993,USA,Vegetables,9.042
1993,USA,Wheat,2.196
1994,Argentina,Barley,3.2489999999999997
1994,Argentina,Coffee,1.8900000000000001
1994,Argentina,Corn,1.161
1994,Argentina,Cotton,7.701
1994,Argentina,Fruits,8.786000000000001
1994,Argentina,Rice,7.42
1994,Argentina,Soybeans,7.470000000000001
1994,Argentina,Sugarcane,4.743
1994,Argentina,Vegetables,2.97
1994,Australia,Barley,5.293
1994,Australia,Coffee,3.0679999999999996
1994,Australia,Corn,3.4490000000000003
1994,Australia,Cotton,5.2379999999999995
1994,Australia,Fruits,8.322
1994,Australia,Rice,5.882
1994,Australia,Soybeans,0.54
1994,Australia,Sugarcane,7.835
1994,Australia,Vegetables,19.092
1994,Australia,Wheat,13.805
1994,Brazil,Barley,4.84
1994,Brazil,Coffee,8.901
1994,Brazil,Corn,13.237
1994,Brazil,Cotton,3.9250000000000003
1994,Brazil,Fruits,1.13
1994,Brazil,Rice,7.774
1994,Brazil,Soybeans,1.89
1994,Brazil,Sugarcane,7.955
1994,Brazil,Vegetables,5.055
1994,Brazil,Wheat,2.93
1994,Canada,Barley,14.717
1994,Canada,Coffee,8.149000000000001
1994,Canada,Corn,15.315000000000001
1994,Canada,Cotton,3.811
1994,Canada,Fruits,11.22
1994,Canada,Rice,16.070999999999998
1994,Canada,Soybeans,7.446
1994,Canada,Sugarcane,6.759
1994,Canada,Vegetables,3.109
1994,Canada,Wheat,7.812
1994,China,Barley,6.96
1994,China,Corn,4.13
1994,China,Cotton,13.919
1994,China,Fruits,2.608
1994,China,Rice,3.42
1994,China,Soybeans,8.711
1994,China,Sugarcane,10.966
1994,China,Vegetables,8.048
1994,China,Wheat,6.171
1994,France,Barley,4.131
1994,France,Coffee,5.558999999999999
1994,France,Corn,3.982
1994,France,Cotton,7.75
1994,France,Fruits,9.795
1994,France,Soybeans,3.834
1994,France,Wheat,2.9339999999999997
1994,India,Coffee,7.164
1994,India,Corn,4.835
1994,India,Cotton,2.9339999999999997
1994,India,Fruits,8.158999999999999
1994,India,Rice,6.462
1994,India,Soybeans,2.85
1994,India,Sugarcane,5.634
1994,India,Vegetables,7.728
1994,India,Wheat,3.46
1994,Nigeria,Barley,13.836
1994,Nigeria,Coffee,2.9170000000000003
1994,Nigeria,Corn,9.639
1994,Nigeria,Cotton,3.7089999999999996
1994,Nigeria,Fruits,6.266
1994,Nigeria,Rice,4.22
1994,Nigeria,Soybeans,5.5200000000000005
1994,Nigeria,Sugarcane,13.09
1994,Nigeria,Vegetables,4.233
1994,Nigeria,Wheat,7.61
1994,Russia,Barley,5.418
1994,Russia,Coffee,1.791
1994,Russia,Corn,11.216
1994,Russia,Cotton,13.208
1994,Russia,Fruits,5.355
1994,Russia,Rice,9.049
1994,Russia,Soybeans,4.763999999999999
1994,Russia,Sugarcane,4.418
1994,Russia,Vegetables,5.016
1994,Russia,Wheat,11.096
1994,USA,Barley,4.545
1994,USA,Coffee,18.365000000000002
1994,USA,Corn,7.074
1994,USA,Cotton,2.097
1994,USA,Fruits,11.066
1994,USA,Rice,5.981999999999999
1994,USA,Soybeans,2.826
1994,USA,Sugarcane,9.504000000000001
1994,USA,Vegetables,11.725
1994,USA,Wheat,14.227
1995,Argentina,Barley,5.130000000000001
1995,Argentina,Coffee,10.089
1995,Argentina,Corn,16.586
1995,Argentina,Cotton,2.6189999999999998
1995,Argentina,Fruits,4.623
1995,Argentina,Rice,2.98
1995,Argentina,Soybeans,1.476
1995,Argentina,Sugarcane,4.611
1995,Argentina,Vegetables,8.052
1995,Argentina,Wheat,7.97
1995,Australia,Barley,2.232
1995,Australia,Coffee,2.6590000000000003
1995,Australia,Corn,1.773
1995,Australia,Cotton,9.099
1995,Australia,Fruits,2.08
1995,Australia,Rice,13.37
1995,Australia,Soybeans,1.13
1995,Australia,Sugarcane,11.156
1995,Australia,Vegetables,4.809
1995,Australia,Wheat,4.298
1995,Brazil,Barley,3.1950000000000003
1995,Brazil,Coffee,8.142
1995,Brazil,Corn,3.501
1995,Brazil,Cotton,12.098
1995,Brazil,Fruits,8.004
1995,Brazil,Rice,10.434000000000001
1995,Brazil,Soybeans,3.708
1995,Brazil,Sugarcane,2.529
1995,Brazil,Vegetables,8.257
1995,Brazil,Wheat,5.027
1995,Canada,Barley,2.88
1995,Canada,Coffee,10.126000000000001
1995,Canada,Corn,13.901
1995,Canada,Cotton,10.966000000000001
1995,Canada,Fruits,6.877000000000001
1995,Canada,Rice,7.170000000000001
1995,Canada,Soybeans,9.305
1995,Canada,Sugarcane,11.727
1995,Canada,Vegetables,6.7860000000000005
1995,Canada,Wheat,11.032
1995,China,Barley,1.8
1995,China,Coffee,1.2240000000000002
1995,China,Corn,11.120000000000001
1995,China,Cotton,2.9250000000000003
1995,China,Fruits,1.66
1995,China,Rice,4.1850000000000005
1995,China,Soybeans,7.241
1995,China,Sugarcane,4.482
1995,China,Vegetables,8.133
1995,China,Wheat,8.256
1995,France,Barley,14.094000000000001
1995,France,Coffee,3.726
1995,France,Corn,4.536
1995,France,Cotton,1.728
1995,France,Fruits,2.178
1995,France,Rice,0.94
1995,France,Soybeans,3.4400000000000004
1995,France,Sugarcane,3.24
1995,France,Vegetables,1.68
1995,France,Wheat,2.655
1995,India,Barley,3.537
1995,India,Coffee,4.986
1995,India,Corn,6.140000000000001
1995,India,Cotton,7.902
1995,India,Fruits,3.078
1995,India,Rice,1.4580000000000002
1995,India,Soybeans,7.0440000000000005
1995,India,Sugarcane,6.23
1995,India,Vegetables,13.314
1995,India,Wheat,6.772
1995,Nigeria,Barley,5.724
1995,Nigeria,Coffee,9.066
1995,Nigeria,Corn,1.107
1995,Nigeria,Cotton,3.42
1995,Nigeria,Fruits,11.036
1995,Nigeria,Rice,15.328
1995,Nigeria,Soybeans,4.97
1995,Nigeria,Sugarcane,5.103
1995,Nigeria,Vegetables,1.152
1995,Nigeria,Wheat,19.48
1995,Russia,Barley,3.285
1995,Russia,Coffee,2.804
1995,Russia,Corn,12.009
1995,Russia,Cotton,8.875
1995,Russia,Fruits,6.732
1995,Russia,Rice,3.43
1995,Russia,Soybeans,9.389
1995,Russia,Sugarcane,5.651999999999999
1995,Russia,Vegetables,4.495000000000001
1995,Russia,Wheat,4.905
1995,USA,Barley,7.224
1995,USA,Coffee,8.46
1995,USA,Corn,2.565
1995,USA,Cotton,3.42
1995,USA,Fruits,6.019
1995,USA,Rice,9.337
1995,USA,Soybeans,0.846
1995,USA,Sugarcane,4.904
1995,USA,Vegetables,3.708
1995,USA,Wheat,1.359
1996,Argentina,Barley,5.688000000000001
1996,Argentina,Coffee,8.579
1996,Argentina,Corn,5.35
1996,Argentina,Cotton,4.3919999999999995
1996,Argentina,Fruits,14.511000000000001
1996,Argentina,Rice,9.906
1996,Argentina,Soybeans,13.257
1996,Argentina,Sugarcane,9.858
1996,Argentina,Vegetables,4.783
1996,Argentina,Wheat,17.286
1996,Australia,Barley,9.855
1996,Australia,Coffee,11.271
1996,Australia,Cotton,11.169
1996,Australia,Fruits,10.804
1996,Australia,Rice,1.35
1996,Australia,Soybeans,18.232
1996,Australia,Sugarcane,9.228
1996,Australia,Vegetables,5.731
1996,Australia,Wheat,0.684
1996,Brazil,Barley,13.429
1996,Brazil,Coffee,0.7020000000000001
1996,Brazil,Corn,9.790000000000001
1996,Brazil,Cotton,5.1899999999999995
1996,Brazil,Fruits,2.898
1996,Brazil,Rice,10.67
1996,Brazil,Soybeans,5.928000000000001
1996,Brazil,Sugarcane,15.489
1996,Brazil,Vegetables,2.79
1996,Brazil,Wheat,4.59
1996,Canada,Barley,16.336000000000002
1996,Canada,Coffee,3.4509999999999996
1996,Canada,Corn,18.611
1996,Canada,Cotton,4.21
1996,Canada,Rice,11.707
1996,Canada,Soybeans,2.31
1996,Canada,Sugarcane,2.718
1996,Canada,Vegetables,6.588
1996,Canada,Wheat,15.939
1996,China,Barley,4.734
1996,China,Coffee,3.411
1996,China,Corn,2.73
1996,China,Cotton,4.632
1996,China,Fruits,2.303
1996,China,Rice,3.28
1996,China,Soybeans,11.27
1996,China,Sugarcane,17.014
1996,China,Vegetables,10.549
1996,France,Barley,1.341
1996,France,Corn,9.595
1996,France,Cotton,8.923
1996,France,Fruits,11.77
1996,France,Rice,8.8
1996,France,Soybeans,5.4830000000000005
1996,France,Sugarcane,10.363
1996,France,Vegetables,9.025
1996,France,Wheat,4.048
1996,India,Barley,6.494
1996,India,Coffee,5.526
1996,India,Corn,4.59
1996,India,Cotton,10.839
1996,India,Fruits,4.059
1996,India,Rice,7.084
1996,India,Soybeans,9.264
1996,India,Sugarcane,3.965
1996,India,Wheat,12.203999999999999
1996,Nigeria,Barley,1.4040000000000001
1996,Nigeria,Coffee,0.783
1996,Nigeria,Corn,16.575000000000003
1996,Nigeria,Cotton,4.744
1996,Nigeria,Fruits,7.696
1996,Nigeria,Rice,3.596
1996,Nigeria,Soybeans,0.7200000000000001
1996,Nigeria,Sugarcane,10.145
1996,Nigeria,Vegetables,1.161
1996,Nigeria,Wheat,2.6910000000000003
1996,Russia,Barley,2.61
1996,Russia,Coffee,5.355
1996,Russia,Corn,3.186
1996,Russia,Cotton,3.213
1996,Russia,Fruits,0.94
1996,Russia,Soybeans,5.452
1996,Russia,Sugarcane,2.8280000000000003
1996,Russia,Wheat,6.036
1996,USA,Barley,15.292
1996,USA,Coffee,4.314
1996,USA,Cotton,5.341
1996,USA,Fruits,1.7190000000000003
1996,USA,Rice,2.6910000000000003
1996,USA,Soybeans,9.463000000000001
1996,USA,Sugarcane,7.216
1996,USA,Vegetables,5.51
1996,USA,Wheat,1.2
1997,Argentina,Barley,4.11
1997,Argentina,Coffee,5.65
1997,Argentina,Corn,6.612
1997,Argentina,Cotton,1.845
1997,Argentina,Fruits,15.41
1997,Argentina,Rice,3.006
1997,Argentina,Soybeans,9.321
1997,Argentina,Sugarcane,8.437000000000001
1997,Argentina,Vegetables,9.159
1997,Argentina,Wheat,6.603999999999999
1997,Australia,Barley,9.676
1997,Australia,Coffee,5.84
1997,Australia,Corn,6.12
1997,Australia,Cotton,3.825
1997,Australia,Fruits,17.255
1997,Australia,Rice,3.807
1997,Australia,Soybeans,4.8
1997,Australia,Sugarcane,6.193
1997,Australia,Vegetables,1.269
1997,Australia,Wheat,7.219
1997,Brazil,Barley,8.738
1997,Brazil,Coffee,7.23
1997,Brazil,Corn,2.169
1997,Brazil,Cotton,8.33
1997,Brazil,Rice,2.754
1997,Brazil,Vegetables,3.897
1997,Brazil,Wheat,3.879
1997,Canada,Barley,12.829
1997,Canada,Coffee,12.493
1997,Canada,Corn,5.36
1997,Canada,Cotton,11.898
1997,Canada,Fruits,5.721
1997,Canada,Rice,11.931000000000001
1997,Canada,Soybeans,2.585
1997,Canada,Sugarcane,7.73
1997,Canada,Vegetables,4.851
1997,Canada,Wheat,12.176
1997,China,Barley,2.9970000000000003
1997,China,Coffee,10.879000000000001
1997,China,Corn,10.292000000000002
1997,China,Cotton,7.65
1997,China,Fruits,12.048
1997,China,Rice,14.15
1997,China,Soybeans,3.04
1997,China,Sugarcane,3.87
1997,China,Vegetables,2.313
1997,China,Wheat,4.43
1997,France,Barley,1.764
1997,France,Coffee,12.213000000000001
1997,France,Corn,4.257
1997,France,Cotton,2.232
1997,France,Fruits,2.765
1997,France,Rice,5.555999999999999
1997,France,Soybeans,10.007
1997,France,Sugarcane,5.329
1997,France,Vegetables,12.06
1997,France,Wheat,5.005
1997,India,Barley,6.071000000000001
1997,India,Coffee,4.131
1997,India,Corn,1.99
1997,India,Cotton,3.433
1997,India,Fruits,9.578999999999999
1997,India,Rice,5.495
1997,India,Soybeans,7.175000000000001
1997,India,Sugarcane,3.71
1997,India,Vegetables,10.158
1997,India,Wheat,3.5370000000000004
1997,Nigeria,Barley,8.46
1997,Nigeria,Corn,11.328
1997,Nigeria,Cotton,8.469999999999999
1997,Nigeria,Rice,4.140000000000001
1997,Nigeria,Soybeans,4.61
1997,Nigeria,Sugarcane,8.049
1997,Nigeria,Wheat,2.427
1997,Russia,Barley,11.7
1997,Russia,Coffee,3.66
1997,Russia,Corn,6.876
1997,Russia,Cotton,4.53
1997,Russia,Fruits,6.8309999999999995
1997,Russia,Rice,13.138
1997,Russia,Soybeans,5.0360000000000005
1997,Russia,Sugarcane,7.816000000000001
1997,Russia,Wheat,12.789
1997,USA,Barley,6.754
1997,USA,Coffee,10.353
1997,USA,Corn,15.864
1997,USA,Cotton,4.089
1997,USA,Fruits,3.4429999999999996
1997,USA,Rice,14.417
1997,USA,Soybeans,3.94
1997,USA,Sugarcane,4.127
1997,USA,Vegetables,10.207
1997,USA,Wheat,11.105
1998,Argentina,Barley,5.366
1998,Argentina,Coffee,4.639
1998,Argentina,Corn,2.78
1998,Argentina,Cotton,2.133
1998,Argentina,Fruits,4.941
1998,Argentina,Rice,8.244
1998,Argentina,Soybeans,4.7620000000000005
1998,Argentina,Sugarcane,1.24
1998,Argentina,Vegetables,4.23
1998,Argentina,Wheat,7.443
1998,Australia,Barley,4.890000000000001
1998,Australia,Coffee,4.284000000000001
1998,Australia,Corn,8.689
1998,Australia,Cotton,7.325000000000001
1998,Australia,Fruits,6.345
1998,Australia,Rice,4.891
1998,Australia,Sugarcane,3.681
1998,Australia,Vegetables,4.473
1998,Australia,Wheat,18.611
1998,Brazil,Barley,6.7940000000000005
1998,Brazil,Corn,13.874
1998,Brazil,Cotton,3.997
1998,Brazil,Fruits,13.213000000000001
1998,Brazil,Rice,4.12
1998,Brazil,Soybeans,6.232
1998,Brazil,Sugarcane,3.5
1998,Brazil,Vegetables,1.323
1998,Brazil,Wheat,9.904
1998,Canada,Barley,1.52
1998,Canada,Coffee,3.439
1998,Canada,Corn,3.078
1998,Canada,Fruits,2.673
1998,Canada,Rice,5.694
1998,Canada,Soybeans,0.8370000000000001
1998,Canada,Sugarcane,10.879
1998,Canada,Vegetables,2.91
1998,Canada,Wheat,8.181000000000001
1998,China,Barley,4.07
1998,China,Coffee,5.821
1998,China,Cotton,2.727
1998,China,Fruits,2.394
1998,China,Rice,4.0280000000000005
1998,China,Soybeans,3.11
1998,China,Sugarcane,6.962
1998,China,Vegetables,5.574
1998,China,Wheat,6.231999999999999
1998,France,Barley,9.856
1998,France,Coffee,2.4480000000000004
1998,France,Corn,1.152
1998,France,Cotton,2.6029999999999998
1998,France,Fruits,3.254
1998,France,Rice,1.24
1998,France,Soybeans,6.047000000000001
1998,France,Vegetables,1.4
1998,France,Wheat,6.513999999999999
1998,India,Barley,4.537
1998,India,Coffee,2.817
1998,India,Corn,3.474
1998,India,Cotton,7.469
1998,India,Fruits,4.62
1998,India,Rice,8.523
1998,India,Soybeans,18.81
1998,India,Sugarcane,12.258000000000001
1998,India,Vegetables,1.94
1998,India,Wheat,17.863
1998,Nigeria,Barley,6.228
1998,Nigeria,Coffee,11.857
1998,Nigeria,Corn,3.1879999999999997
1998,Nigeria,Cotton,6.913
1998,Nigeria,Fruits,0.648
1998,Nigeria,Rice,2.63
1998,Nigeria,Soybeans,10.287
1998,Nigeria,Sugarcane,1.908
1998,Nigeria,Vegetables,3.74
1998,Nigeria,Wheat,2.601
1998,Russia,Barley,13.959
1998,Russia,Coffee,15.027000000000001
1998,Russia,Corn,1.97
1998,Russia,Cotton,4.191
1998,Russia,Fruits,4.302
1998,Russia,Soybeans,5.0489999999999995
1998,Russia,Sugarcane,5.34
1998,Russia,Vegetables,2.01
1998,Russia,Wheat,5.229
1998,USA,Barley,5.0920000000000005
1998,USA,Coffee,3.745
1998,USA,Corn,4.481999999999999
1998,USA,Cotton,7.1850000000000005
1998,USA,Fruits,15.36
1998,USA,Rice,6.121
1998,USA,Soybeans,10.14
1998,USA,Sugarcane,7.353
1998,USA,Vegetables,3.627
1998,USA,Wheat,7.525
1999,Argentina,Barley,3.429
1999,Argentina,Coffee,4.42
1999,Argentina,Corn,8.217
1999,Argentina,Cotton,4.203
1999,Argentina,Fruits,23.494
1999,Argentina,Rice,21.689
1999,Argentina,Sugarcane,2.43
1999,Argentina,Vegetables,10.28
1999,Argentina,Wheat,3.4650000000000003
1999,Australia,Barley,15.493
1999,Australia,Coffee,6.117
1999,Australia,Corn,6.09
1999,Australia,Cotton,5.595
1999,Australia,Fruits,8.28
1999,Australia,Rice,2.31
1999,Australia,Soybeans,10.891
1999,Australia,Sugarcane,4.615
1999,Australia,Vegetables,6.220000000000001
1999,Australia,Wheat,3.6630000000000003
1999,Brazil,Barley,5.603
1999,Brazil,Coffee,4.509
1999,Brazil,Corn,14.761
1999,Brazil,Cotton,11.551
1999,Brazil,Fruits,13.437000000000001
1999,Brazil,Rice,4.359999999999999
1999,Brazil,Soybeans,11.166
1999,Brazil,Sugarcane,6.514
1999,Brazil,Vegetables,6.526
1999,Brazil,Wheat,2.4480000000000004
1999,Canada,Barley,0.549
1999,Canada,Coffee,10.577000000000002
1999,Canada,Corn,1.836
1999,Canada,Cotton,10.141
1999,Canada,Fruits,6.7700000000000005
1999,Canada,Rice,6.093
1999,Canada,Soybeans,2.509
1999,Canada,Sugarcane,3.8869999999999996
1999,Canada,Vegetables,12.426000000000002
1999,Canada,Wheat,10.751
1999,China,Barley,10.408000000000001
1999,China,Coffee,9.167
1999,China,Corn,2.4139999999999997
1999,China,Cotton,7.666
1999,China,Fruits,6.328
1999,China,Rice,14.173
1999,China,Soybeans,1.539
1999,China,Vegetables,9.979
1999,China,Wheat,5.951
1999,France,Barley,8.850999999999999
1999,France,Coffee,5.346
1999,France,Corn,1.305
1999,France,Cotton,5.769
1999,France,Fruits,12.807
1999,France,Rice,2.7199999999999998
1999,France,Soybeans,16.946
1999,France,Sugarcane,3.9330000000000003
1999,France,Vegetables,6.2059999999999995
1999,France,Wheat,11.372
1999,India,Barley,9.735999999999999
1999,India,Coffee,14.054
1999,India,Cotton,6.23
1999,India,Fruits,9.561
1999,India,Rice,6.563000000000001
1999,India,Soybeans,6.7860000000000005
1999,India,Sugarcane,5.746
1999,India,Vegetables,4.1579999999999995
1999,India,Wheat,6.761000000000001
1999,Nigeria,Barley,7.157
1999,Nigeria,Coffee,11.529
1999,Nigeria,Corn,14.734
1999,Nigeria,Cotton,4.824
1999,Nigeria,Fruits,0.864
1999,Nigeria,Rice,7.926
1999,Nigeria,Soybeans,17.801
1999,Nigeria,Sugarcane,4.119
1999,Nigeria,Vegetables,2.505
1999,Nigeria,Wheat,4.37
1999,Russia,Barley,4.08
1999,Russia,Coffee,9.263
1999,Russia,Corn,4.8580000000000005
1999,Russia,Cotton,3.019
1999,Russia,Fruits,9.77
1999,Russia,Rice,8.68
1999,Russia,Soybeans,10.899000000000001
1999,Russia,Sugarcane,8.436
1999,Russia,Vegetables,5.904
1999,Russia,Wheat,2.84
1999,USA,Barley,8.15
1999,USA,Coffee,2.968
1999,USA,Corn,1.662
1999,USA,Cotton,4.71
1999,USA,Fruits,7.119
1999,USA,Rice,9.863
1999,USA,Soybeans,4.617
1999,USA,Sugarcane,13.058
1999,USA,Vegetables,4.75
1999,USA,Wheat,10.051
2000,Argentina,Barley,2.79
2000,Argentina,Coffee,7.524
2000,Argentina,Corn,3.5909999999999997
2000,Argentina,Cotton,6.029999999999999
2000,Argentina,Fruits,1.944
2000,Argentina,Rice,2.259
2000,Argentina,Soybeans,8.77
2000,Argentina,Sugarcane,9.027
2000,Argentina,Vegetables,9.207
2000,Argentina,Wheat,3.32
2000,Australia,Barley,4.707
2000,Australia,Coffee,2.7540000000000004
2000,Australia,Corn,10.178999999999998
2000,Australia,Cotton,4.35
2000,Australia,Fruits,5.525
2000,Australia,Rice,8.046000000000001
2000,Australia,Soybeans,6.937
2000,Australia,Sugarcane,4.104
2000,Australia,Vegetables,2.763
2000,Brazil,Barley,3.86
2000,Brazil,Coffee,4.351
2000,Brazil,Corn,9.338
2000,Brazil,Cotton,9.463000000000001
2000,Brazil,Fruits,13.429
2000,Brazil,Rice,3.051
2000,Brazil,Soybeans,1.782
2000,Brazil,Sugarcane,7.332000000000001
2000,Brazil,Vegetables,11.519
2000,Brazil,Wheat,10.11
2000,Canada,Barley,7.879
2000,Canada,Corn,7.886
2000,Canada,Cotton,11.097
2000,Canada,Fruits,1.41
2000,Canada,Rice,15.626000000000001
2000,Canada,Soybeans,0.657
2000,Canada,Sugarcane,15.883000000000001
2000,Canada,Vegetables,2.98
2000,Canada,Wheat,8.379
2000,China,Barley,1.5499999999999998
2000,China,Coffee,2.72
2000,China,Corn,3.24
2000,China,Cotton,8.036999999999999
2000,China,Fruits,8.024000000000001
2000,China,Rice,8.74
2000,China,Soybeans,13.21
2000,China,Sugarcane,10.765
2000,China,Vegetables,13.905
2000,China,Wheat,4.716
2000,France,Barley,11.539000000000001
2000,France,Coffee,3.004
2000,France,Corn,3.9419999999999997
2000,France,Cotton,10.577
2000,France,Fruits,3.691
2000,France,Rice,0.87
2000,France,Soybeans,4.53
2000,France,Vegetables,7.131
2000,France,Wheat,3.333
2000,India,Barley,8.388
2000,India,Coffee,5.114
2000,India,Corn,1.673
2000,India,Cotton,3.96
2000,India,Fruits,10.26
2000,India,Soybeans,8.229
2000,India,Sugarcane,9.482
2000,India,Vegetables,4.157
2000,Nigeria,Coffee,3.294
2000,Nigeria,Corn,28.771
2000,Nigeria,Cotton,6.17
2000,Nigeria,Fruits,5.58
2000,Nigeria,Rice,12.654
2000,Nigeria,Soybeans,4.509
2000,Nigeria,Sugarcane,8.982000000000001
2000,Nigeria,Vegetables,4.014
2000,Nigeria,Wheat,15.408000000000001
2000,Russia,Barley,7.695
2000,Russia,Corn,10.683
2000,Russia,Cotton,8.239
2000,Russia,Fruits,4.118
2000,Russia,Rice,0.72
2000,Russia,Soybeans,9.15
2000,Russia,Sugarcane,13.041
2000,Russia,Vegetables,4.5
2000,Russia,Wheat,3.393
2000,USA,Barley,9.036000000000001
2000,USA,Coffee,7.055
2000,USA,Corn,9.57
2000,USA,Cotton,5.265000000000001
2000,USA,Fruits,9.825
2000,USA,Rice,2.0
2000,USA,Soybeans,5.071
2000,USA,Vegetables,2.596
2000,USA,Wheat,10.5
2001,Argentina,Barley,3.3499999999999996
2001,Argentina,Corn,2.167
2001,Argentina,Cotton,4.401
2001,Argentina,Fruits,3.555
2001,Argentina,Rice,5.0120000000000005
2001,Argentina,Soybeans,3.8120000000000003
2001,Argentina,Sugarcane,9.715
2001,Argentina,Vegetables,7.065
2001,Argentina,Wheat,18.651
2001,Australia,Barley,8.409
2001,Australia,Coffee,9.312
2001,Australia,Corn,10.92
2001,Australia,Cotton,10.675
2001,Australia,Fruits,19.662
2001,Australia,Rice,3.762
2001,Australia,Soybeans,1.22
2001,Australia,Sugarcane,18.642
2001,Australia,Vegetables,5.047000000000001
2001,Australia,Wheat,2.77
2001,Brazil,Coffee,9.019
2001,Brazil,Corn,7.9559999999999995
2001,Brazil,Cotton,5.382000000000001
2001,Brazil,Fruits,11.203000000000001
2001,Brazil,Rice,3.7590000000000003
2001,Brazil,Soybeans,1.3
2001,Brazil,Vegetables,7.623
2001,Brazil,Wheat,12.042
2001,Canada,Barley,9.882
2001,Canada,Coffee,10.539
2001,Canada,Corn,5.654999999999999
2001,Canada,Cotton,7.514
2001,Canada,Fruits,1.845
2001,Canada,Rice,4.852
2001,Canada,Soybeans,4.028
2001,Canada,Sugarcane,1.134
2001,Canada,Vegetables,4.416
2001,Canada,Wheat,12.24
2001,China,Barley,11.259
2001,China,Coffee,9.028
2001,China,Corn,4.113
2001,China,Cotton,1.854
2001,China,Fruits,8.508
2001,China,Rice,11.091
2001,China,Soybeans,11.275
2001,China,Sugarcane,8.631
2001,China,Vegetables,3.609
2001,China,Wheat,4.374
2001,France,Barley,7.109
2001,France,Coffee,11.218
2001,France,Corn,1.539
2001,France,Cotton,7.542
2001,France,Fruits,8.531
2001,France,Rice,14.099
2001,France,Soybeans,10.012999999999998
2001,France,Sugarcane,2.93
2001,France,Vegetables,4.489
2001,France,Wheat,7.398
2001,India,Barley,15.057
2001,India,Coffee,5.112
2001,India,Corn,7.569000000000001
2001,India,Cotton,5.067
2001,India,Fruits,6.49
2001,India,Rice,7.43
2001,India,Soybeans,5.013
2001,India,Sugarcane,11.706
2001,India,Vegetables,6.7860000000000005
2001,India,Wheat,3.4290000000000003
2001,Nigeria,Barley,3.663
2001,Nigeria,Coffee,4.88
2001,Nigeria,Corn,9.16
2001,Nigeria,Cotton,6.51
2001,Nigeria,Rice,3.6630000000000003
2001,Nigeria,Soybeans,5.85
2001,Nigeria,Sugarcane,14.242
2001,Nigeria,Vegetables,16.443
2001,Nigeria,Wheat,9.421000000000001
2001,Russia,Barley,2.574
2001,Russia,Coffee,9.301
2001,Russia,Corn,9.403
2001,Russia,Cotton,3.742
2001,Russia,Fruits,6.651000000000001
2001,Russia,Rice,6.255000000000001
2001,Russia,Soybeans,2.322
2001,Russia,Sugarcane,11.6
2001,Russia,Wheat,2.6900000000000004
2001,USA,Barley,14.942
2001,USA,Coffee,6.76
2001,USA,Corn,2.8080000000000003
2001,USA,Cotton,10.394
2001,USA,Fruits,12.654
2001,USA,Rice,5.788
2001,USA,Soybeans,4.401
2001,USA,Sugarcane,5.7
2001,USA,Vegetables,4.797
2001,USA,Wheat,3.867
2002,Argentina,Barley,5.411
2002,Argentina,Coffee,7.896000000000001
2002,Argentina,Corn,2.08
2002,Argentina,Cotton,9.912
2002,Argentina,Fruits,1.836
2002,Argentina,Rice,6.65
2002,Argentina,Soybeans,4.634
2002,Argentina,Sugarcane,5.629
2002,Argentina,Vegetables,11.28
2002,Argentina,Wheat,7.008
2002,Australia,Barley,2.2769999999999997
2002,Australia,Coffee,1.728
2002,Australia,Corn,6.856
2002,Australia,Cotton,8.332
2002,Australia,Fruits,4.23
2002,Australia,Rice,5.667
2002,Australia,Soybeans,1.71
2002,Australia,Sugarcane,2.484
2002,Australia,Vegetables,4.455
2002,Australia,Wheat,3.915
2002,Brazil,Barley,7.13
2002,Brazil,Coffee,8.053
2002,Brazil,Corn,3.168
2002,Brazil,Cotton,2.748
2002,Brazil,Fruits,3.26
2002,Brazil,Rice,6.1290000000000004
2002,Brazil,Soybeans,2.23
2002,Brazil,Sugarcane,8.501000000000001
2002,Brazil,Vegetables,8.74
2002,Brazil,Wheat,15.772
2002,Canada,Barley,7.292000000000001
2002,Canada,Corn,12.842
2002,Canada,Cotton,13.527000000000001
2002,Canada,Fruits,7.17
2002,Canada,Rice,15.429
2002,Canada,Soybeans,2.73
2002,Canada,Sugarcane,2.0160000000000005
2002,Canada,Vegetables,7.723
2002,Canada,Wheat,10.068999999999999
2002,China,Barley,1.07
2002,China,Coffee,1.1520000000000001
2002,China,Corn,1.52
2002,China,Cotton,2.827
2002,China,Fruits,14.672
2002,China,Rice,12.866000000000001
2002,China,Soybeans,7.436
2002,China,Sugarcane,12.407
2002,China,Vegetables,10.308
2002,China,Wheat,3.434
2002,France,Barley,4.563000000000001
2002,France,Coffee,8.668
2002,France,Corn,7.4190000000000005
2002,France,Cotton,9.429
2002,France,Fruits,9.846
2002,France,Rice,4.51
2002,France,Soybeans,11.034
2002,France,Sugarcane,13.016000000000002
2002,France,Vegetables,12.168000000000001
2002,France,Wheat,4.774
2002,India,Barley,7.180000000000001
2002,India,Coffee,11.518
2002,India,Corn,3.618
2002,India,Cotton,2.38
2002,India,Fruits,3.384
2002,India,Rice,8.422
2002,India,Sugarcane,8.764
2002,India,Vegetables,7.337
2002,India,Wheat,3.657
2002,Nigeria,Barley,10.586
2002,Nigeria,Coffee,1.998
2002,Nigeria,Corn,13.832
2002,Nigeria,Cotton,1.575
2002,Nigeria,Fruits,7.728
2002,Nigeria,Rice,4.066
2002,Nigeria,Soybeans,3.567
2002,Nigeria,Sugarcane,1.215
2002,Nigeria,Vegetables,5.445
2002,Nigeria,Wheat,5.92
2002,Russia,Barley,7.329
2002,Russia,Coffee,5.763
2002,Russia,Corn,4.575
2002,Russia,Cotton,0.82
2002,Russia,Fruits,6.8919999999999995
2002,Russia,Rice,2.03
2002,Russia,Soybeans,0.66
2002,Russia,Sugarcane,5.562
2002,Russia,Vegetables,1.49
2002,Russia,Wheat,12.769
2002,USA,Coffee,5.7509999999999994
2002,USA,Corn,6.138
2002,USA,Cotton,11.256
2002,USA,Rice,12.988
2002,USA,Soybeans,0.63
2002,USA,Sugarcane,4.837
2002,USA,Vegetables,7.468
2002,USA,Wheat,19.743
2003,Argentina,Barley,12.025
2003,Argentina,Corn,5.82
2003,Argentina,Cotton,5.5200000000000005
2003,Argentina,Fruits,7.2700000000000005
2003,Argentina,Rice,3.44
2003,Argentina,Soybeans,12.466000000000001
2003,Argentina,Sugarcane,9.223
2003,Argentina,Vegetables,3.8329999999999997
2003,Argentina,Wheat,8.942
2003,Australia,Barley,3.003
2003,Australia,Coffee,3.44
2003,Australia,Corn,9.531
2003,Australia,Cotton,4.726
2003,Australia,Fruits,0.972
2003,Australia,Rice,4.442
2003,Australia,Soybeans,2.1639999999999997
2003,Australia,Sugarcane,10.666
2003,Australia,Vegetables,9.943
2003,Australia,Wheat,1.26
2003,Brazil,Barley,2.07
2003,Brazil,Coffee,4.308
2003,Brazil,Corn,15.636
2003,Brazil,Cotton,6.678
2003,Brazil,Fruits,3.96
2003,Brazil,Rice,3.9560000000000004
2003,Brazil,Soybeans,12.88
2003,Brazil,Vegetables,4.196
2003,Brazil,Wheat,8.064
2003,Canada,Barley,2.1870000000000003
2003,Canada,Coffee,5.589
2003,Canada,Corn,4.563
2003,Canada,Cotton,4.39
2003,Canada,Fruits,1.15
2003,Canada,Rice,1.773
2003,Canada,Sugarcane,9.206
2003,Canada,Vegetables,7.4670000000000005
2003,Canada,Wheat,1.593
2003,China,Coffee,6.4
2003,China,Corn,15.905000000000001
2003,China,Cotton,14.669
2003,China,Fruits,12.205
2003,China,Rice,5.62
2003,China,Soybeans,3.01
2003,China,Sugarcane,8.3
2003,China,Vegetables,6.152000000000001
2003,China,Wheat,13.151
2003,France,Barley,4.84
2003,France,Coffee,5.6160000000000005
2003,France,Corn,8.883
2003,France,Cotton,16.258
2003,France,Fruits,5.3549999999999995
2003,France,Rice,5.487
2003,France,Soybeans,11.727
2003,France,Sugarcane,5.07
2003,France,Vegetables,3.79
2003,France,Wheat,1.06
2003,India,Coffee,8.857
2003,India,Corn,9.169
2003,India,Fruits,11.895
2003,India,Rice,4.362
2003,India,Soybeans,0.6120000000000001
2003,India,Sugarcane,6.531
2003,India,Vegetables,3.6359999999999997
2003,India,Wheat,16.317999999999998
2003,Nigeria,Barley,1.323
2003,Nigeria,Coffee,1.2
2003,Nigeria,Corn,5.636
2003,Nigeria,Cotton,5.781000000000001
2003,Nigeria,Fruits,9.227
2003,Nigeria,Rice,5.203
2003,Nigeria,Soybeans,13.103
2003,Nigeria,Sugarcane,9.42
2003,Nigeria,Vegetables,8.836
2003,Nigeria,Wheat,14.895
2003,Russia,Barley,4.832
2003,Russia,Coffee,3.447
2003,Russia,Corn,11.396
2003,Russia,Cotton,7.276999999999999
2003,Russia,Rice,1.74
2003,Russia,Soybeans,8.775
2003,Russia,Sugarcane,11.852
2003,Russia,Vegetables,9.809000000000001
2003,Russia,Wheat,3.81
2003,USA,Barley,5.01
2003,USA,Coffee,6.346
2003,USA,Corn,15.846
2003,USA,Cotton,3.0690000000000004
2003,USA,Fruits,2.079
2003,USA,Rice,3.805
2003,USA,Soybeans,5.538
2003,USA,Sugarcane,6.57
2003,USA,Vegetables,10.244
2003,USA,Wheat,5.424
2004,Argentina,Barley,3.285
2004,Argentina,Coffee,2.0789999999999997
2004,Argentina,Corn,4.086
2004,Argentina,Cotton,5.729
2004,Argentina,Fruits,9.126
2004,Argentina,Rice,8.085
2004,Argentina,Soybeans,3.3120000000000003
2004,Argentina,Sugarcane,4.203
2004,Argentina,Vegetables,6.33
2004,Argentina,Wheat,11.829
2004,Australia,Barley,1.88
2004,Australia,Coffee,6.9990000000000006
2004,Australia,Corn,13.769
2004,Australia,Cotton,2.574
2004,Australia,Fruits,7.633
2004,Australia,Rice,5.2330000000000005
2004,Australia,Soybeans,10.476
2004,Australia,Sugarcane,11.56
2004,Australia,Vegetables,3.213
2004,Australia,Wheat,14.279
2004,Brazil,Barley,1.539
2004,Brazil,Coffee,4.628
2004,Brazil,Corn,7.97
2004,Brazil,Cotton,6.568
2004,Brazil,Fruits,2.857
2004,Brazil,Rice,8.185
2004,Brazil,Soybeans,3.6
2004,Brazil,Sugarcane,3.8560000000000008
2004,Brazil,Wheat,5.365
2004,Canada,Barley,9.867
2004,Canada,Coffee,4.79
2004,Canada,Corn,11.91
2004,Canada,Cotton,4.239
2004,Canada,Fruits,4.4
2004,Canada,Rice,2.079
2004,Canada,Soybeans,5.563
2004,Canada,Sugarcane,5.49
2004,Canada,Vegetables,4.71
2004,Canada,Wheat,4.095000000000001
2004,China,Barley,6.031000000000001
2004,China,Coffee,8.222000000000001
2004,China,Corn,7.852
2004,China,Cotton,12.308
2004,China,Fruits,1.59
2004,China,Rice,12.86
2004,China,Soybeans,8.739
2004,China,Sugarcane,1.08
2004,China,Vegetables,3.042
2004,China,Wheat,2.529
2004,France,Barley,8.25
2004,France,Coffee,7.146000000000001
2004,France,Corn,5.345000000000001
2004,France,Cotton,6.688
2004,France,Fruits,15.84
2004,France,Rice,13.809000000000001
2004,France,Soybeans,2.86
2004,France,Sugarcane,4.023000000000001
2004,France,Vegetables,9.527999999999999
2004,France,Wheat,18.838
2004,India,Barley,13.612
2004,India,Coffee,4.913
2004,India,Corn,23.191
2004,India,Cotton,6.242000000000001
2004,India,Fruits,7.0600000000000005
2004,India,Rice,11.977
2004,India,Soybeans,11.247
2004,India,Sugarcane,7.461
2004,India,Vegetables,7.38
2004,India,Wheat,2.421
2004,Nigeria,Barley,2.51
2004,Nigeria,Corn,15.657
2004,Nigeria,Cotton,12.387
2004,Nigeria,Fruits,5.73
2004,Nigeria,Rice,5.216
2004,Nigeria,Soybeans,4.859999999999999
2004,Nigeria,Sugarcane,6.735
2004,Nigeria,Vegetables,3.591
2004,Nigeria,Wheat,8.224
2004,Russia,Barley,8.568000000000001
2004,Russia,Coffee,4.341
2004,Russia,Corn,4.5809999999999995
2004,Russia,Cotton,13.103
2004,Russia,Fruits,4.572
2004,Russia,Rice,11.129
2004,Russia,Soybeans,4.359
2004,Russia,Sugarcane,5.380000000000001
2004,Russia,Vegetables,2.43
2004,Russia,Wheat,12.633
2004,USA,Barley,11.237
2004,USA,Coffee,4.655
2004,USA,Corn,10.268
2004,USA,Cotton,9.898
2004,USA,Soybeans,4.26
2004,USA,Sugarcane,6.731
2004,USA,Vegetables,11.209
2004,USA,Wheat,11.811
2005,Argentina,Barley,3.516
2005,Argentina,Coffee,6.279999999999999
2005,Argentina,Corn,16.869
2005,Argentina,Cotton,11.192
2005,Argentina,Fruits,6.399
2005,Argentina,Rice,5.311
2005,Argentina,Soybeans,4.167
2005,Argentina,Sugarcane,9.010000000000002
2005,Argentina,Vegetables,8.154
2005,Argentina,Wheat,7.7
2005,Australia,Barley,6.23
2005,Australia,Coffee,7.022
2005,Australia,Corn,6.458
2005,Australia,Cotton,4.445
2005,Australia,Fruits,10.395
2005,Australia,Rice,10.285
2005,Australia,Soybeans,2.9699999999999998
2005,Australia,Sugarcane,6.714
2005,Australia,Vegetables,0.6120000000000001
2005,Australia,Wheat,12.955
2005,Brazil,Barley,3.599
2005,Brazil,Coffee,5.459
2005,Brazil,Corn,8.277999999999999
2005,Brazil,Cotton,3.5700000000000003
2005,Brazil,Fruits,3.5460000000000003
2005,Brazil,Rice,0.85
2005,Brazil,Soybeans,11.983
2005,Brazil,Sugarcane,4.509
2005,Brazil,Vegetables,3.0949999999999998
2005,Brazil,Wheat,8.006
2005,Canada,Barley,6.003
2005,Canada,Coffee,2.79
2005,Canada,Corn,6.724
2005,Canada,Cotton,4.25
2005,Canada,Fruits,3.159
2005,Canada,Rice,5.7780000000000005
2005,Canada,Soybeans,11.768
2005,Canada,Sugarcane,2.709
2005,Canada,Vegetables,7.409000000000001
2005,Canada,Wheat,1.86
2005,China,Coffee,11.43
2005,China,Corn,8.57
2005,China,Cotton,4.05
2005,China,Rice,0.7110000000000001
2005,China,Soybeans,2.2439999999999998
2005,China,Sugarcane,2.241
2005,China,Vegetables,10.784
2005,China,Wheat,9.012
2005,France,Barley,2.088
2005,France,Coffee,1.494
2005,France,Corn,4.2010000000000005
2005,France,Fruits,6.755000000000001
2005,France,Rice,4.821
2005,France,Soybeans,5.841
2005,France,Sugarcane,13.918000000000001
2005,France,Vegetables,3.3
2005,France,Wheat,1.566
2005,India,Barley,5.094
2005,India,Corn,4.193
2005,India,Cotton,9.621
2005,India,Fruits,0.891
2005,India,Rice,8.55
2005,India,Soybeans,6.571
2005,India,Sugarcane,10.445
2005,India,Vegetables,10.953
2005,India,Wheat,6.497
2005,Nigeria,Barley,6.309
2005,Nigeria,Coffee,10.663
2005,Nigeria,Corn,6.909
2005,Nigeria,Cotton,7.3149999999999995
2005,Nigeria,Fruits,2.17
2005,Nigeria,Rice,4.496
2005,Nigeria,Soybeans,14.471
2005,Nigeria,Sugarcane,16.42
2005,Nigeria,Vegetables,14.846
2005,Nigeria,Wheat,7.366
2005,Russia,Coffee,10.075000000000001
2005,Russia,Corn,1.24
2005,Russia,Fruits,2.826
2005,Russia,Rice,5.922000000000001
2005,Russia,Soybeans,7.788
2005,Russia,Sugarcane,9.575
2005,Russia,Vegetables,8.332
2005,Russia,Wheat,1.45
2005,USA,Barley,14.422
2005,USA,Coffee,2.6
2005,USA,Corn,13.790000000000001
2005,USA,Cotton,13.485
2005,USA,Fruits,6.618
2005,USA,Rice,1.9
2005,USA,Soybeans,12.437999999999999
2005,USA,Sugarcane,7.43
2005,USA,Vegetables,5.955
2006,Argentina,Barley,9.182
2006,Argentina,Coffee,7.264
2006,Argentina,Corn,5.922
2006,Argentina,Cotton,2.68
2006,Argentina,Fruits,7.155
2006,Argentina,Rice,9.009
2006,Argentina,Soybeans,5.468
2006,Argentina,Sugarcane,6.946
2006,Argentina,Vegetables,2.78
2006,Argentina,Wheat,7.946000000000001
2006,Australia,Barley,3.4210000000000003
2006,Australia,Coffee,10.215
2006,Australia,Corn,12.646
2006,Australia,Cotton,2.902
2006,Australia,Fruits,3.53
2006,Australia,Rice,0.76
2006,Australia,Soybeans,5.551
2006,Australia,Sugarcane,9.908
2006,Australia,Vegetables,5.751
2006,Australia,Wheat,2.19
2006,Brazil,Barley,4.429
2006,Brazil,Coffee,2.169
2006,Brazil,Corn,6.752
2006,Brazil,Cotton,6.043
2006,Brazil,Fruits,4.4830000000000005
2006,Brazil,Rice,3.16
2006,Brazil,Soybeans,10.399
2006,Brazil,Sugarcane,5.03
2006,Brazil,Vegetables,3.915
2006,Brazil,Wheat,6.567
2006,Canada,Coffee,1.32
2006,Canada,Corn,1.692
2006,Canada,Cotton,4.466
2006,Canada,Fruits,1.45
2006,Canada,Rice,4.8
2006,Canada,Soybeans,5.301
2006,Canada,Sugarcane,3.096
2006,Canada,Vegetables,6.858
2006,Canada,Wheat,7.465999999999999
2006,China,Barley,9.816
2006,China,Coffee,14.472000000000001
2006,China,Corn,8.905999999999999
2006,China,Cotton,5.9799999999999995
2006,China,Fruits,1.6740000000000002
2006,China,Rice,7.664
2006,China,Vegetables,1.989
2006,China,Wheat,6.046
2006,France,Barley,4.864
2006,France,Coffee,4.077
2006,France,Corn,2.07
2006,France,Cotton,6.36
2006,France,Fruits,6.167
2006,France,Rice,7.77
2006,France,Soybeans,7.406000000000001
2006,France,Wheat,7.006
2006,India,Barley,11.284
2006,India,Coffee,12.112
2006,India,Corn,10.26
2006,India,Cotton,7.53
2006,India,Fruits,14.527
2006,India,Rice,4.76
2006,India,Soybeans,11.706
2006,India,Sugarcane,5.21
2006,India,Vegetables,9.438
2006,India,Wheat,1.591
2006,Nigeria,Barley,2.1100000000000003
2006,Nigeria,Coffee,0.97
2006,Nigeria,Corn,4.281
2006,Nigeria,Cotton,3.862
2006,Nigeria,Fruits,5.5920000000000005
2006,Nigeria,Rice,17.202
2006,Nigeria,Sugarcane,5.47
2006,Nigeria,Wheat,6.176
2006,Russia,Barley,3.323
2006,Russia,Coffee,4.864
2006,Russia,Corn,1.69
2006,Russia,Cotton,4.536
2006,Russia,Fruits,4.918
2006,Russia,Rice,3.01
2006,Russia,Soybeans,1.08
2006,Russia,Sugarcane,2.28
2006,Russia,Vegetables,3.79
2006,Russia,Wheat,3.06
2006,USA,Barley,2.54
2006,USA,Coffee,10.382000000000001
2006,USA,Corn,7.63
2006,USA,Cotton,7.322
2006,USA,Fruits,7.914
2006,USA,Rice,6.622999999999999
2006,USA,Soybeans,6.131
2006,USA,Sugarcane,3.42
2006,USA,Vegetables,13.063
2006,USA,Wheat,4.046
2007,Argentina,Barley,9.591000000000001
2007,Argentina,Coffee,1.377
2007,Argentina,Corn,3.906
2007,Argentina,Cotton,5.327
2007,Argentina,Fruits,6.946
2007,Argentina,Rice,9.368
2007,Argentina,Soybeans,11.995
2007,Argentina,Sugarcane,3.42
2007,Argentina,Vegetables,12.168
2007,Argentina,Wheat,2.97
2007,Australia,Barley,2.6910000000000003
2007,Australia,Coffee,8.16
2007,Australia,Corn,3.195
2007,Australia,Cotton,16.695
2007,Australia,Fruits,5.447
2007,Australia,Rice,0.78
2007,Australia,Soybeans,7.958
2007,Australia,Sugarcane,3.2
2007,Australia,Vegetables,7.55
2007,Australia,Wheat,7.743
2007,Brazil,Coffee,13.739
2007,Brazil,Cotton,8.94
2007,Brazil,Fruits,15.272
2007,Brazil,Rice,5.936
2007,Brazil,Soybeans,7.82
2007,Brazil,Sugarcane,1.1
2007,Brazil,Wheat,14.865
2007,Canada,Barley,1.08
2007,Canada,Coffee,1.089
2007,Canada,Corn,6.967
2007,Canada,Cotton,6.697000000000001
2007,Canada,Fruits,6.26
2007,Canada,Rice,9.936
2007,Canada,Soybeans,3.5620000000000003
2007,Canada,Sugarcane,5.157
2007,Canada,Vegetables,3.4650000000000003
2007,Canada,Wheat,3.816
2007,China,Barley,15.162
2007,China,Coffee,8.481
2007,China,Corn,4.901
2007,China,Cotton,1.476
2007,China,Fruits,6.85
2007,China,Rice,6.987
2007,China,Soybeans,1.26
2007,China,Sugarcane,7.181
2007,China,Vegetables,9.411999999999999
2007,China,Wheat,9.872
2007,France,Barley,5.1160000000000005
2007,France,Coffee,4.27
2007,France,Corn,8.673000000000002
2007,France,Cotton,7.252
2007,France,Fruits,5.574
2007,France,Rice,5.257
2007,France,Soybeans,11.813
2007,France,Sugarcane,5.289
2007,France,Vegetables,3.4370000000000003
2007,France,Wheat,6.936
2007,India,Barley,5.82
2007,India,Coffee,4.63
2007,India,Corn,2.124
2007,India,Cotton,10.423
2007,India,Rice,6.644
2007,India,Soybeans,2.22
2007,India,Sugarcane,6.369
2007,India,Vegetables,16.779
2007,India,Wheat,11.083
2007,Nigeria,Barley,0.657
2007,Nigeria,Coffee,7.324
2007,Nigeria,Cotton,5.664
2007,Nigeria,Rice,1.0710000000000002
2007,Nigeria,Soybeans,9.852
2007,Nigeria,Sugarcane,4.707
2007,Nigeria,Vegetables,5.505
2007,Nigeria,Wheat,1.629
2007,Russia,Barley,15.003
2007,Russia,Coffee,5.315
2007,Russia,Corn,4.609999999999999
2007,Russia,Cotton,4.063000000000001
2007,Russia,Fruits,2.3760000000000003
2007,Russia,Rice,7.192
2007,Russia,Soybeans,3.73
2007,Russia,Sugarcane,4.622
2007,Russia,Vegetables,7.763
2007,USA,Coffee,5.891
2007,USA,Cotton,3.582
2007,USA,Fruits,7.457
2007,USA,Rice,4.725
2007,USA,Soybeans,10.306
2007,USA,Vegetables,8.55
2007,USA,Wheat,3.1340000000000003
2008,Argentina,Barley,12.608
2008,Argentina,Coffee,5.688
2008,Argentina,Corn,6.34
2008,Argentina,Cotton,4.716
2008,Argentina,Fruits,3.4
2008,Argentina,Rice,9.668
2008,Argentina,Soybeans,2.6910000000000003
2008,Argentina,Sugarcane,16.725
2008,Argentina,Vegetables,4.319
2008,Argentina,Wheat,1.11
2008,Australia,Barley,5.392
2008,Australia,Coffee,13.916
2008,Australia,Corn,4.158
2008,Australia,Cotton,9.546999999999999
2008,Australia,Fruits,2.592
2008,Australia,Rice,5.057
2008,Australia,Soybeans,2.084
2008,Australia,Sugarcane,17.049
2008,Australia,Vegetables,21.541
2008,Australia,Wheat,7.9910000000000005
2008,Brazil,Barley,5.7330000000000005
2008,Brazil,Coffee,8.86
2008,Brazil,Corn,3.72
2008,Brazil,Cotton,0.83
2008,Brazil,Fruits,2.8169999999999997
2008,Brazil,Rice,1.872
2008,Brazil,Sugarcane,15.97
2008,Brazil,Vegetables,5.840999999999999
2008,Brazil,Wheat,4.66
2008,Canada,Barley,4.042
2008,Canada,Coffee,4.16
2008,Canada,Corn,8.289000000000001
2008,Canada,Cotton,12.152000000000001
2008,Canada,Fruits,8.875
2008,Canada,Rice,3.024
2008,Canada,Soybeans,3.851
2008,Canada,Vegetables,8.77
2008,Canada,Wheat,5.551
2008,China,Barley,3.997
2008,China,Coffee,12.001000000000001
2008,China,Corn,11.866
2008,China,Cotton,15.26
2008,China,Fruits,1.926
2008,China,Rice,13.115
2008,China,Soybeans,10.905
2008,China,Sugarcane,9.292
2008,China,Vegetables,4.434
2008,China,Wheat,8.25
2008,France,Barley,11.41
2008,France,Coffee,0.72
2008,France,Corn,5.377
2008,France,Cotton,15.847999999999999
2008,France,Fruits,4.77
2008,France,Rice,5.759
2008,France,Soybeans,5.4
2008,France,Vegetables,11.435
2008,France,Wheat,8.405
2008,India,Barley,3.969
2008,India,Coffee,7.192
2008,India,Corn,8.905
2008,India,Cotton,1.28
2008,India,Fruits,7.92
2008,India,Rice,11.893
2008,India,Soybeans,15.376999999999999
2008,India,Sugarcane,4.356
2008,India,Vegetables,7.569
2008,India,Wheat,10.918
2008,Nigeria,Barley,4.757
2008,Nigeria,Coffee,8.094000000000001
2008,Nigeria,Corn,2.088
2008,Nigeria,Cotton,9.108
2008,Nigeria,Fruits,9.36
2008,Nigeria,Rice,12.18
2008,Nigeria,Soybeans,2.799
2008,Nigeria,Sugarcane,12.478
2008,Nigeria,Vegetables,9.459
2008,Nigeria,Wheat,2.0140000000000002
2008,Russia,Barley,13.161999999999999
2008,Russia,Coffee,3.879
2008,Russia,Corn,4.22
2008,Russia,Cotton,2.646
2008,Russia,Fruits,4.438
2008,Russia,Rice,4.906
2008,Russia,Soybeans,4.1850000000000005
2008,Russia,Sugarcane,7.373
2008,Russia,Vegetables,10.202
2008,Russia,Wheat,8.277
2008,USA,Barley,13.992
2008,USA,Coffee,7.538
2008,USA,Corn,6.8500000000000005
2008,USA,Cotton,3.381
2008,USA,Fruits,6.01
2008,USA,Rice,5.902
2008,USA,Soybeans,4.4399999999999995
2008,USA,Sugarcane,6.492
2008,USA,Wheat,4.383
2009,Argentina,Barley,3.086
2009,Argentina,Coffee,0.9
2009,Argentina,Corn,8.887
2009,Argentina,Cotton,10.737
2009,Argentina,Fruits,11.568999999999999
2009,Argentina,Rice,1.86
2009,Argentina,Soybeans,2.385
2009,Argentina,Sugarcane,6.122999999999999
2009,Argentina,Vegetables,6.84
2009,Argentina,Wheat,5.094
2009,Australia,Barley,8.671
2009,Australia,Coffee,11.629000000000001
2009,Australia,Cotton,4.85
2009,Australia,Fruits,5.372999999999999
2009,Australia,Rice,4.404
2009,Australia,Soybeans,4.34
2009,Australia,Sugarcane,2.853
2009,Australia,Vegetables,7.037
2009,Australia,Wheat,3.6390000000000002
2009,Brazil,Barley,3.942
2009,Brazil,Corn,5.38
2009,Brazil,Cotton,3.584
2009,Brazil,Fruits,4.638
2009,Brazil,Sugarcane,1.2240000000000002
2009,Brazil,Vegetables,4.639
2009,Brazil,Wheat,4.437
2009,Canada,Barley,2.7
2009,Canada,Coffee,8.482
2009,Canada,Corn,2.9
2009,Canada,Cotton,13.226
2009,Canada,Fruits,9.504
2009,Canada,Rice,7.339
2009,Canada,Soybeans,6.021
2009,Canada,Sugarcane,9.187999999999999
2009,Canada,Vegetables,7.541
2009,Canada,Wheat,17.19
2009,China,Barley,5.678
2009,China,Coffee,6.4239999999999995
2009,China,Corn,5.337000000000001
2009,China,Cotton,3.67
2009,China,Fruits,3.5300000000000002
2009,China,Rice,0.8190000000000001
2009,China,Soybeans,6.035
2009,China,Sugarcane,3.07
2009,China,Vegetables,16.555
2009,China,Wheat,11.844
2009,France,Barley,3.25
2009,France,Coffee,4.05
2009,France,Corn,4.286
2009,France,Cotton,11.139
2009,France,Fruits,10.872
2009,France,Rice,10.353
2009,France,Soybeans,3.128
2009,France,Sugarcane,1.818
2009,France,Wheat,6.355
2009,India,Barley,14.706
2009,India,Coffee,10.821
2009,India,Corn,0.54
2009,India,Cotton,5.58
2009,India,Fruits,8.666
2009,India,Rice,10.585
2009,India,Soybeans,7.38
2009,India,Sugarcane,7.01
2009,India,Vegetables,9.482000000000001
2009,India,Wheat,12.477
2009,Nigeria,Barley,10.014
2009,Nigeria,Coffee,2.5
2009,Nigeria,Corn,11.697
2009,Nigeria,Cotton,4.6770000000000005
2009,Nigeria,Fruits,10.228
2009,Nigeria,Rice,11.182
2009,Nigeria,Soybeans,9.235
2009,Nigeria,Sugarcane,7.327999999999999
2009,Nigeria,Wheat,5.846
2009,Russia,Barley,7.9239999999999995
2009,Russia,Coffee,0.7
2009,Russia,Corn,7.046
2009,Russia,Cotton,6.392
2009,Russia,Fruits,6.785
2009,Russia,Rice,8.018
2009,Russia,Sugarcane,7.977
2009,Russia,Vegetables,11.398
2009,Russia,Wheat,9.722000000000001
2009,USA,Barley,6.708
2009,USA,Coffee,9.996
2009,USA,Corn,9.325
2009,USA,Cotton,3.1050000000000004
2009,USA,Fruits,12.866999999999999
2009,USA,Rice,1.746
2009,USA,Soybeans,11.768
2009,USA,Sugarcane,7.229000000000001
2009,USA,Vegetables,2.409
2009,USA,Wheat,3.6990000000000003
2010,Argentina,Barley,11.114
2010,Argentina,Coffee,10.574
2010,Argentina,Corn,10.544
2010,Argentina,Cotton,8.422
2010,Argentina,Fruits,5.053
2010,Argentina,Rice,9.629999999999999
2010,Argentina,Soybeans,6.921
2010,Argentina,Sugarcane,4.923
2010,Argentina,Vegetables,4.635
2010,Argentina,Wheat,5.724
2010,Australia,Barley,3.5980000000000003
2010,Australia,Coffee,12.695
2010,Australia,Corn,4.867
2010,Australia,Cotton,1.782
2010,Australia,Fruits,7.376
2010,Australia,Rice,3.707
2010,Australia,Soybeans,3.1690000000000005
2010,Australia,Sugarcane,5.994
2010,Australia,Vegetables,7.045
2010,Australia,Wheat,10.453
2010,Brazil,Barley,3.788
2010,Brazil,Coffee,14.352
2010,Brazil,Corn,8.513
2010,Brazil,Cotton,7.01
2010,Brazil,Fruits,13.407
2010,Brazil,Rice,3.2140000000000004
2010,Brazil,Soybeans,4.901
2010,Brazil,Sugarcane,1.08
2010,Brazil,Vegetables,6.628
2010,Brazil,Wheat,1.39
2010,Canada,Barley,8.253
2010,Canada,Coffee,1.989
2010,Canada,Corn,8.301
2010,Canada,Cotton,5.031000000000001
2010,Canada,Fruits,1.79
2010,Canada,Rice,13.558
2010,Canada,Soybeans,7.224
2010,Canada,Sugarcane,10.5
2010,Canada,Vegetables,5.67
2010,Canada,Wheat,11.641
2010,China,Barley,2.21
2010,China,Coffee,3.5490000000000004
2010,China,Corn,1.431
2010,China,Cotton,2.052
2010,China,Fruits,1.73
2010,China,Soybeans,5.96
2010,China,Sugarcane,9.985
2010,China,Vegetables,3.168
2010,China,Wheat,11.885
2010,France,Barley,11.79
2010,France,Coffee,1.966
2010,France,Corn,2.628
2010,France,Cotton,2.898
2010,France,Fruits,7.795999999999999
2010,France,Rice,6.977
2010,France,Soybeans,6.195
2010,France,Sugarcane,7.4
2010,France,Vegetables,4.68
2010,France,Wheat,7.444
2010,India,Barley,2.117
2010,India,Coffee,3.6900000000000004
2010,India,Corn,3.73
2010,India,Cotton,2.763
2010,India,Fruits,4.065
2010,India,Rice,9.387
2010,India,Soybeans,7.011
2010,India,Sugarcane,2.232
2010,India,Vegetables,12.077
2010,India,Wheat,0.801
2010,Nigeria,Barley,6.782
2010,Nigeria,Coffee,12.541
2010,Nigeria,Cotton,5.175
2010,Nigeria,Rice,3.4
2010,Nigeria,Soybeans,4.013999999999999
2010,Nigeria,Sugarcane,11.511
2010,Nigeria,Vegetables,9.56
2010,Nigeria,Wheat,4.068
2010,Russia,Barley,1.683
2010,Russia,Coffee,6.265000000000001
2010,Russia,Corn,9.396
2010,Russia,Cotton,14.869
2010,Russia,Fruits,1.197
2010,Russia,Rice,5.496
2010,Russia,Soybeans,11.252
2010,Russia,Sugarcane,5.513
2010,Russia,Vegetables,5.736
2010,Russia,Wheat,12.743
2010,USA,Barley,2.936
2010,USA,Coffee,3.735
2010,USA,Corn,8.182
2010,USA,Cotton,4.792
2010,USA,Fruits,4.785
2010,USA,Rice,7.163
2010,USA,Sugarcane,6.121
2010,USA,Vegetables,10.575
2010,USA,Wheat,6.441
2011,Argentina,Barley,4.7250000000000005
2011,Argentina,Coffee,3.798
2011,Argentina,Corn,6.27
2011,Argentina,Cotton,6.67
2011,Argentina,Fruits,7.476
2011,Argentina,Rice,5.976
2011,Argentina,Soybeans,8.426
2011,Argentina,Vegetables,1.836
2011,Argentina,Wheat,6.759
2011,Australia,Barley,6.258
2011,Australia,Coffee,6.026
2011,Australia,Corn,4.79
2011,Australia,Cotton,7.92
2011,Australia,Fruits,5.149
2011,Australia,Rice,8.597
2011,Australia,Soybeans,15.553
2011,Australia,Sugarcane,4.618
2011,Australia,Vegetables,10.620000000000001
2011,Australia,Wheat,9.91
2011,Brazil,Barley,2.5149999999999997
2011,Brazil,Coffee,3.258
2011,Brazil,Corn,9.842
2011,Brazil,Cotton,10.698
2011,Brazil,Fruits,15.635000000000002
2011,Brazil,Rice,7.308
2011,Brazil,Soybeans,10.486
2011,Brazil,Sugarcane,8.161
2011,Brazil,Vegetables,5.868
2011,Brazil,Wheat,1.69
2011,Canada,Barley,9.863999999999999
2011,Canada,Coffee,7.36
2011,Canada,Cotton,19.619
2011,Canada,Fruits,0.846
2011,Canada,Rice,11.161999999999999
2011,Canada,Soybeans,9.168
2011,Canada,Vegetables,10.455
2011,Canada,Wheat,4.261
2011,China,Barley,3.0
2011,China,Coffee,5.197
2011,China,Corn,6.837
2011,China,Cotton,1.828
2011,China,Fruits,7.623
2011,China,Rice,7.5040000000000004
2011,China,Soybeans,4.464
2011,China,Sugarcane,5.349
2011,China,Vegetables,3.6090000000000004
2011,France,Barley,2.475
2011,France,Coffee,3.6670000000000003
2011,France,Corn,4.941
2011,France,Cotton,3.96
2011,France,Fruits,3.024
2011,France,Soybeans,7.032
2011,France,Sugarcane,4.724
2011,France,Wheat,4.167
2011,India,Barley,8.399000000000001
2011,India,Coffee,6.102
2011,India,Corn,1.377
2011,India,Cotton,2.232
2011,India,Fruits,6.422
2011,India,Rice,9.370000000000001
2011,India,Soybeans,4.8870000000000005
2011,India,Vegetables,6.308
2011,India,Wheat,5.193
2011,Nigeria,Barley,5.279
2011,Nigeria,Coffee,9.93
2011,Nigeria,Corn,1.19
2011,Nigeria,Cotton,7.02
2011,Nigeria,Fruits,4.492
2011,Nigeria,Rice,4.779
2011,Nigeria,Soybeans,5.367
2011,Nigeria,Sugarcane,7.399
2011,Nigeria,Vegetables,7.682
2011,Nigeria,Wheat,3.8209999999999997
2011,Russia,Barley,5.911
2011,Russia,Coffee,2.799
2011,Russia,Corn,20.78
2011,Russia,Cotton,1.65
2011,Russia,Fruits,6.7
2011,Russia,Rice,10.165
2011,Russia,Soybeans,7.127
2011,Russia,Sugarcane,8.486
2011,Russia,Vegetables,2.4560000000000004
2011,Russia,Wheat,8.032
2011,USA,Barley,11.033999999999999
2011,USA,Coffee,10.491
2011,USA,Corn,7.29
2011,USA,Cotton,7.93
2011,USA,Fruits,2.286
2011,USA,Rice,7.109
2011,USA,Soybeans,5.292
2011,USA,Sugarcane,6.09
2011,USA,Vegetables,4.841
2011,USA,Wheat,1.404
2012,Argentina,Barley,4.06
2012,Argentina,Corn,3.6900000000000004
2012,Argentina,Cotton,5.661
2012,Argentina,Rice,2.13
2012,Argentina,Soybeans,13.309000000000001
2012,Argentina,Sugarcane,19.11
2012,Argentina,Vegetables,3.564
2012,Argentina,Wheat,5.509
2012,Australia,Barley,14.59
2012,Australia,Coffee,9.863
2012,Australia,Corn,14.667
2012,Australia,Cotton,10.81
2012,Australia,Fruits,12.308
2012,Australia,Rice,5.02
2012,Australia,Soybeans,6.73
2012,Australia,Sugarcane,3.462
2012,Australia,Vegetables,6.359
2012,Australia,Wheat,4.355
2012,Brazil,Barley,6.1370000000000005
2012,Brazil,Coffee,0.69
2012,Brazil,Corn,6.659
2012,Brazil,Cotton,5.554
2012,Brazil,Fruits,2.178
2012,Brazil,Rice,2.772
2012,Brazil,Soybeans,3.591
2012,Brazil,Sugarcane,18.309
2012,Brazil,Vegetables,1.557
2012,Brazil,Wheat,12.065000000000001
2012,Canada,Barley,8.769
2012,Canada,Coffee,10.853000000000002
2012,Canada,Corn,8.068
2012,Canada,Cotton,1.431
2012,Canada,Fruits,0.75
2012,Canada,Rice,2.25
2012,Canada,Soybeans,11.019
2012,Canada,Sugarcane,1.21
2012,Canada,Vegetables,12.763
2012,Canada,Wheat,5.742
2012,China,Barley,3.817
2012,China,Corn,8.417
2012,China,Cotton,5.537
2012,China,Fruits,4.698
2012,China,Rice,8.874
2012,China,Soybeans,17.942
2012,China,Sugarcane,13.99
2012,China,Vegetables,10.529
2012,China,Wheat,22.915
2012,France,Barley,6.644
2012,France,Coffee,3.952
2012,France,Corn,7.997
2012,France,Cotton,6.964
2012,France,Fruits,3.87
2012,France,Rice,8.994
2012,France,Soybeans,5.256
2012,France,Sugarcane,12.045
2012,France,Vegetables,7.5329999999999995
2012,France,Wheat,8.617
2012,India,Barley,9.519
2012,India,Coffee,11.969999999999999
2012,India,Corn,2.205
2012,India,Cotton,6.867
2012,India,Fruits,6.065
2012,India,Rice,9.478
2012,India,Soybeans,6.75
2012,India,Sugarcane,12.166
2012,India,Vegetables,1.8820000000000001
2012,India,Wheat,15.497
2012,Nigeria,Barley,9.471
2012,Nigeria,Coffee,6.108
2012,Nigeria,Corn,3.015
2012,Nigeria,Cotton,3.3480000000000003
2012,Nigeria,Fruits,6.84
2012,Nigeria,Soybeans,3.555
2012,Nigeria,Sugarcane,16.671
2012,Nigeria,Vegetables,4.7700000000000005
2012,Nigeria,Wheat,5.55
2012,Russia,Barley,8.733
2012,Russia,Coffee,8.406
2012,Russia,Corn,3.7
2012,Russia,Cotton,7.623
2012,Russia,Fruits,10.239
2012,Russia,Rice,5.535
2012,Russia,Soybeans,0.5040000000000001
2012,Russia,Sugarcane,5.2860000000000005
2012,Russia,Vegetables,4.148
2012,Russia,Wheat,4.199
2012,USA,Barley,8.214
2012,USA,Coffee,14.699000000000002
2012,USA,Corn,7.404
2012,USA,Rice,13.881
2012,USA,Soybeans,2.25
2012,USA,Sugarcane,10.406
2012,USA,Vegetables,15.350999999999999
2012,USA,Wheat,9.677
2013,Argentina,Barley,10.435
2013,Argentina,Coffee,9.774
2013,Argentina,Corn,7.074
2013,Argentina,Cotton,8.888
2013,Argentina,Fruits,7.792
2013,Argentina,Soybeans,8.571
2013,Argentina,Vegetables,1.67
2013,Argentina,Wheat,14.641
2013,Australia,Barley,2.29
2013,Australia,Coffee,1.098
2013,Australia,Corn,1.43
2013,Australia,Cotton,6.455
2013,Australia,Fruits,8.192
2013,Australia,Rice,5.415
2013,Australia,Soybeans,7.01
2013,Australia,Sugarcane,7.19
2013,Australia,Vegetables,8.782
2013,Australia,Wheat,9.585
2013,Brazil,Barley,9.486
2013,Brazil,Coffee,1.035
2013,Brazil,Corn,6.852
2013,Brazil,Cotton,11.491
2013,Brazil,Fruits,8.55
2013,Brazil,Rice,12.967
2013,Brazil,Soybeans,3.933
2013,Brazil,Sugarcane,10.846
2013,Brazil,Wheat,11.392000000000001
2013,Canada,Barley,4.06
2013,Canada,Coffee,6.122
2013,Canada,Corn,2.3400000000000003
2013,Canada,Cotton,14.328
2013,Canada,Fruits,1.57
2013,Canada,Rice,5.7059999999999995
2013,Canada,Soybeans,5.1610000000000005
2013,Canada,Sugarcane,2.268
2013,Canada,Vegetables,11.085999999999999
2013,Canada,Wheat,10.773
2013,China,Barley,2.6
2013,China,Cotton,6.59
2013,China,Fruits,4.221
2013,China,Rice,10.876999999999999
2013,China,Soybeans,7.688
2013,China,Sugarcane,2.4299999999999997
2013,China,Vegetables,1.737
2013,China,Wheat,6.0920000000000005
2013,France,Barley,4.646
2013,France,Coffee,2.499
2013,France,Corn,8.452
2013,France,Cotton,6.047000000000001
2013,France,Fruits,20.043
2013,France,Rice,2.3400000000000003
2013,France,Soybeans,5.227
2013,France,Sugarcane,4.69
2013,France,Vegetables,15.921
2013,France,Wheat,13.333
2013,India,Barley,1.75
2013,India,Coffee,7.06
2013,India,Corn,6.834
2013,India,Cotton,19.191
2013,India,Fruits,11.724
2013,India,Rice,12.151
2013,India,Soybeans,3.6719999999999997
2013,India,Sugarcane,6.648
2013,India,Vegetables,2.8970000000000002
2013,India,Wheat,10.591000000000001
2013,Nigeria,Barley,9.14
2013,Nigeria,Coffee,2.682
2013,Nigeria,Corn,4.163
2013,Nigeria,Cotton,10.435
2013,Nigeria,Fruits,9.407
2013,Nigeria,Rice,8.982
2013,Nigeria,Soybeans,10.717
2013,Nigeria,Sugarcane,6.088
2013,Nigeria,Vegetables,4.492
2013,Nigeria,Wheat,6.886
2013,Russia,Barley,7.754
2013,Russia,Coffee,2.358
2013,Russia,Corn,7.868
2013,Russia,Cotton,5.058999999999999
2013,Russia,Fruits,7.956
2013,Russia,Rice,16.538
2013,Russia,Soybeans,3.78
2013,Russia,Sugarcane,14.39
2013,Russia,Vegetables,4.09
2013,Russia,Wheat,7.16
2013,USA,Barley,9.36
2013,USA,Coffee,5.716
2013,USA,Corn,11.161999999999999
2013,USA,Cotton,10.574
2013,USA,Fruits,11.947
2013,USA,Rice,5.72
2013,USA,Soybeans,5.916
2013,USA,Sugarcane,1.809
2013,USA,Vegetables,18.506
2013,USA,Wheat,8.77
2014,Argentina,Barley,8.096
2014,Argentina,Coffee,11.706999999999999
2014,Argentina,Corn,6.422000000000001
2014,Argentina,Cotton,1.3
2014,Argentina,Fruits,6.021
2014,Argentina,Rice,11.577
2014,Argentina,Soybeans,4.958
2014,Argentina,Sugarcane,15.158
2014,Argentina,Vegetables,7.921
2014,Australia,Barley,10.544
2014,Australia,Coffee,6.869999999999999
2014,Australia,Corn,19.092
2014,Australia,Cotton,8.715
2014,Australia,Fruits,20.105
2014,Australia,Rice,10.722999999999999
2014,Australia,Soybeans,11.893
2014,Australia,Vegetables,9.281
2014,Australia,Wheat,6.606999999999999
2014,Brazil,Coffee,2.379
2014,Brazil,Corn,3.997
2014,Brazil,Cotton,4.428
2014,Brazil,Fruits,5.45
2014,Brazil,Rice,7.291
2014,Brazil,Soybeans,2.619
2014,Brazil,Sugarcane,4.47
2014,Brazil,Vegetables,3.56
2014,Brazil,Wheat,1.09
2014,Canada,Barley,5.257
2014,Canada,Coffee,4.833
2014,Canada,Corn,12.128
2014,Canada,Cotton,1.638
2014,Canada,Fruits,4.91
2014,Canada,Rice,8.629999999999999
2014,Canada,Sugarcane,11.536000000000001
2014,Canada,Vegetables,9.554
2014,Canada,Wheat,7.340000000000001
2014,China,Barley,16.693
2014,China,Coffee,8.253
2014,China,Corn,11.815999999999999
2014,China,Cotton,14.491
2014,China,Fruits,2.47
2014,China,Rice,4.72
2014,China,Soybeans,8.006
2014,China,Sugarcane,2.601
2014,China,Vegetables,6.179
2014,China,Wheat,5.77
2014,France,Barley,0.963
2014,France,Coffee,6.268
2014,France,Corn,4.74
2014,France,Cotton,9.293000000000001
2014,France,Fruits,5.067
2014,France,Rice,1.4400000000000002
2014,France,Soybeans,5.632000000000001
2014,France,Vegetables,7.268000000000001
2014,France,Wheat,9.53
2014,India,Barley,1.75
2014,India,Coffee,11.427999999999999
2014,India,Corn,4.45
2014,India,Cotton,10.57
2014,India,Fruits,17.526
2014,India,Rice,2.11
2014,India,Soybeans,6.678
2014,India,Vegetables,4.96
2014,India,Wheat,9.29
2014,Nigeria,Barley,4.82
2014,Nigeria,Corn,12.865
2014,Nigeria,Cotton,11.762
2014,Nigeria,Fruits,3.062
2014,Nigeria,Rice,3.32
2014,Nigeria,Soybeans,3.1950000000000003
2014,Nigeria,Sugarcane,11.775
2014,Nigeria,Vegetables,5.202
2014,Nigeria,Wheat,3.3600000000000003
2014,Russia,Barley,3.32
2014,Russia,Coffee,6.77
2014,Russia,Corn,1.9260000000000002
2014,Russia,Cotton,3.222
2014,Russia,Fruits,3.483
2014,Russia,Rice,7.622
2014,Russia,Soybeans,2.28
2014,Russia,Sugarcane,5.66
2014,Russia,Vegetables,6.306
2014,Russia,Wheat,12.338000000000001
2014,USA,Barley,6.929
2014,USA,Coffee,2.63
2014,USA,Corn,5.756
2014,USA,Cotton,6.698
2014,USA,Rice,0.7020000000000001
2014,USA,Sugarcane,4.888
2014,USA,Vegetables,2.901
2014,USA,Wheat,6.62
2015,Argentina,Coffee,11.609
2015,Argentina,Cotton,4.446
2015,Argentina,Fruits,5.835
2015,Argentina,Rice,10.905
2015,Argentina,Soybeans,3.2279999999999998
2015,Argentina,Sugarcane,12.360000000000001
2015,Argentina,Vegetables,4.63
2015,Argentina,Wheat,3.9899999999999998
2015,Australia,Barley,5.577999999999999
2015,Australia,Coffee,9.512
2015,Australia,Corn,5.368
2015,Australia,Cotton,7.2170000000000005
2015,Australia,Fruits,8.867
2015,Australia,Rice,3.168
2015,Australia,Soybeans,6.41
2015,Australia,Sugarcane,6.585000000000001
2015,Australia,Vegetables,7.622999999999999
2015,Australia,Wheat,2.9
2015,Brazil,Barley,6.426
2015,Brazil,Coffee,5.883
2015,Brazil,Corn,11.132
2015,Brazil,Cotton,0.7
2015,Brazil,Fruits,8.676
2015,Brazil,Rice,7.785
2015,Brazil,Soybeans,12.152000000000001
2015,Brazil,Sugarcane,8.498000000000001
2015,Brazil,Vegetables,12.655999999999999
2015,Brazil,Wheat,6.539000000000001
2015,Canada,Barley,3.607
2015,Canada,Coffee,1.986
2015,Canada,Corn,3.5839999999999996
2015,Canada,Cotton,1.179
2015,Canada,Fruits,1.782
2015,Canada,Rice,5.49
2015,Canada,Soybeans,15.832
2015,Canada,Vegetables,8.802
2015,Canada,Wheat,7.8389999999999995
2015,China,Barley,5.724
2015,China,Coffee,15.966000000000001
2015,China,Corn,4.52
2015,China,Cotton,8.077
2015,China,Fruits,1.53
2015,China,Rice,7.664
2015,China,Soybeans,2.6
2015,China,Sugarcane,6.93
2015,China,Vegetables,5.772
2015,China,Wheat,10.685
2015,France,Barley,13.902
2015,France,Corn,6.236000000000001
2015,France,Cotton,2.955
2015,France,Fruits,4.333
2015,France,Rice,9.054
2015,France,Soybeans,8.07
2015,France,Sugarcane,2.322
2015,France,Vegetables,2.088
2015,France,Wheat,7.492
2015,India,Barley,2.36
2015,India,Coffee,5.32
2015,India,Corn,2.91
2015,India,Cotton,5.599
2015,India,Fruits,5.787000000000001
2015,India,Rice,1.84
2015,India,Soybeans,3.79
2015,India,Sugarcane,6.289999999999999
2015,India,Vegetables,3.419
2015,India,Wheat,9.55
2015,Nigeria,Barley,9.29
2015,Nigeria,Coffee,8.399000000000001
2015,Nigeria,Corn,6.335
2015,Nigeria,Cotton,7.787000000000001
2015,Nigeria,Fruits,9.288
2015,Nigeria,Rice,7.375
2015,Nigeria,Soybeans,13.495000000000001
2015,Nigeria,Sugarcane,6.301
2015,Nigeria,Vegetables,10.81
2015,Nigeria,Wheat,5.905
2015,Russia,Barley,13.361
2015,Russia,Coffee,17.701999999999998
2015,Russia,Corn,6.643000000000001
2015,Russia,Cotton,5.563000000000001
2015,Russia,Fruits,11.997
2015,Russia,Rice,3.051
2015,Russia,Soybeans,7.128
2015,Russia,Vegetables,7.554
2015,Russia,Wheat,3.28
2015,USA,Barley,18.158
2015,USA,Coffee,16.024
2015,USA,Corn,3.951
2015,USA,Cotton,12.524
2015,USA,Fruits,7.171
2015,USA,Rice,12.338000000000001
2015,USA,Soybeans,8.82
2015,USA,Sugarcane,12.403
2015,USA,Vegetables,6.84
2015,USA,Wheat,7.172000000000001
2016,Argentina,Barley,2.95
2016,Argentina,Coffee,1.269
2016,Argentina,Corn,7.179
2016,Argentina,Cotton,6.970000000000001
2016,Argentina,Fruits,7.341
2016,Argentina,Rice,6.9
2016,Argentina,Soybeans,9.705
2016,Argentina,Sugarcane,8.18
2016,Argentina,Vegetables,5.211
2016,Argentina,Wheat,8.543
2016,Australia,Barley,3.483
2016,Australia,Coffee,6.848
2016,Australia,Corn,1.43
2016,Australia,Cotton,4.759
2016,Australia,Fruits,7.515
2016,Australia,Rice,13.172
2016,Australia,Soybeans,1.7
2016,Australia,Sugarcane,5.396999999999999
2016,Australia,Vegetables,6.021
2016,Australia,Wheat,0.92
2016,Brazil,Coffee,11.889
2016,Brazil,Corn,15.018
2016,Brazil,Cotton,2.1
2016,Brazil,Fruits,2.7
2016,Brazil,Rice,2.259
2016,Brazil,Soybeans,10.846
2016,Brazil,Sugarcane,12.350000000000001
2016,Brazil,Vegetables,8.871
2016,Brazil,Wheat,14.238999999999999
2016,Canada,Coffee,5.449
2016,Canada,Corn,12.025
2016,Canada,Fruits,6.949999999999999
2016,Canada,Rice,10.088999999999999
2016,Canada,Soybeans,7.286
2016,Canada,Sugarcane,1.431
2016,Canada,Vegetables,1.38
2016,Canada,Wheat,1.81
2016,China,Barley,15.642000000000001
2016,China,Coffee,3.8810000000000002
2016,China,Cotton,6.74
2016,China,Fruits,14.515
2016,China,Rice,11.244
2016,China,Soybeans,3.609
2016,China,Sugarcane,10.666
2016,China,Vegetables,9.24
2016,China,Wheat,4.261
2016,France,Barley,14.858
2016,France,Coffee,9.663
2016,France,Cotton,11.262
2016,France,Fruits,6.183
2016,France,Rice,14.475999999999999
2016,France,Soybeans,9.621
2016,France,Sugarcane,1.87
2016,France,Vegetables,4.909
2016,France,Wheat,3.834
2016,India,Barley,4.77
2016,India,Coffee,5.16
2016,India,Corn,4.8100000000000005
2016,India,Cotton,7.875
2016,India,Fruits,9.755
2016,India,Rice,5.688
2016,India,Soybeans,6.922000000000001
2016,India,Sugarcane,5.651
2016,India,Vegetables,12.612
2016,India,Wheat,4.425
2016,Nigeria,Barley,6.2010000000000005
2016,Nigeria,Coffee,3.55
2016,Nigeria,Corn,14.669
2016,Nigeria,Cotton,14.406
2016,Nigeria,Fruits,11.338000000000001
2016,Nigeria,Rice,9.652000000000001
2016,Nigeria,Soybeans,7.2620000000000005
2016,Nigeria,Sugarcane,9.715
2016,Nigeria,Vegetables,19.17
2016,Nigeria,Wheat,5.793
2016,Russia,Barley,2.646
2016,Russia,Coffee,1.368
2016,Russia,Corn,6.541
2016,Russia,Cotton,1.98
2016,Russia,Fruits,6.343
2016,Russia,Rice,5.258
2016,Russia,Soybeans,10.754
2016,Russia,Sugarcane,3.915
2016,Russia,Vegetables,5.518
2016,Russia,Wheat,8.083
2016,USA,Barley,2.82
2016,USA,Coffee,3.294
2016,USA,Corn,13.169
2016,USA,Cotton,3.7649999999999997
2016,USA,Fruits,4.805
2016,USA,Rice,10.074
2016,USA,Soybeans,10.716000000000001
2016,USA,Sugarcane,4.064
2016,USA,Vegetables,2.664
2016,USA,Wheat,4.0
2017,Argentina,Barley,7.920999999999999
2017,Argentina,Coffee,11.735
2017,Argentina,Corn,2.83
2017,Argentina,Cotton,5.324
2017,Argentina,Fruits,2.33
2017,Argentina,Rice,21.767
2017,Argentina,Soybeans,2.772
2017,Argentina,Sugarcane,1.23
2017,Argentina,Vegetables,8.99
2017,Argentina,Wheat,7.795
2017,Australia,Barley,1.87
2017,Australia,Coffee,4.824
2017,Australia,Corn,9.938
2017,Australia,Cotton,5.771000000000001
2017,Australia,Sugarcane,2.67
2017,Australia,Vegetables,3.06
2017,Australia,Wheat,7.388999999999999
2017,Brazil,Coffee,2.99
2017,Brazil,Corn,1.134
2017,Brazil,Cotton,1.59
2017,Brazil,Rice,3.97
2017,Brazil,Soybeans,7.652000000000001
2017,Brazil,Sugarcane,11.266
2017,Brazil,Vegetables,5.829000000000001
2017,Brazil,Wheat,10.286999999999999
2017,Canada,Barley,7.1899999999999995
2017,Canada,Coffee,6.646000000000001
2017,Canada,Corn,7.212
2017,Canada,Cotton,2.21
2017,Canada,Fruits,4.0
2017,Canada,Rice,5.508
2017,Canada,Vegetables,1.953
2017,Canada,Wheat,9.891000000000002
2017,China,Barley,9.422
2017,China,Coffee,22.287
2017,China,Corn,6.49
2017,China,Cotton,6.102
2017,China,Fruits,7.464
2017,China,Rice,7.970000000000001
2017,China,Soybeans,9.711
2017,China,Sugarcane,10.503
2017,China,Vegetables,2.628
2017,France,Barley,13.503
2017,France,Coffee,8.440000000000001
2017,France,Corn,0.657
2017,France,Cotton,3.024
2017,France,Fruits,7.026999999999999
2017,France,Rice,2.688
2017,France,Soybeans,7.33
2017,France,Sugarcane,5.41
2017,France,Vegetables,7.372
2017,France,Wheat,10.722999999999999
2017,India,Barley,2.6
2017,India,Coffee,6.399000000000001
2017,India,Corn,3.41
2017,India,Cotton,2.331
2017,India,Fruits,6.0009999999999994
2017,India,Rice,6.135
2017,India,Soybeans,9.603
2017,India,Sugarcane,6.359
2017,India,Vegetables,3.944
2017,India,Wheat,11.109
2017,Nigeria,Barley,9.848
2017,Nigeria,Coffee,8.947
2017,Nigeria,Corn,4.74
2017,Nigeria,Cotton,17.659
2017,Nigeria,Fruits,4.167
2017,Nigeria,Rice,11.807
2017,Nigeria,Soybeans,1.323
2017,Nigeria,Vegetables,9.08
2017,Russia,Barley,1.134
2017,Russia,Coffee,5.0760000000000005
2017,Russia,Corn,5.5680000000000005
2017,Russia,Cotton,8.587
2017,Russia,Fruits,10.17
2017,Russia,Rice,6.12
2017,Russia,Sugarcane,15.211
2017,Russia,Vegetables,7.311
2017,Russia,Wheat,5.548
2017,USA,Barley,10.757
2017,USA,Coffee,8.983
2017,USA,Corn,4.32
2017,USA,Cotton,9.116
2017,USA,Fruits,8.667
2017,USA,Rice,5.9399999999999995
2017,USA,Soybeans,8.318
2017,USA,Sugarcane,4.587
2017,USA,Vegetables,16.457
2017,USA,Wheat,11.051
2018,Argentina,Barley,6.8
2018,Argentina,Coffee,7.317
2018,Argentina,Corn,13.199
2018,Argentina,Cotton,5.168
2018,Argentina,Fruits,7.056
2018,Argentina,Soybeans,6.26
2018,Argentina,Sugarcane,5.779999999999999
2018,Argentina,Wheat,5.055
2018,Australia,Barley,6.955
2018,Australia,Coffee,7.65
2018,Australia,Corn,2.556
2018,Australia,Cotton,7.8740000000000006
2018,Australia,Fruits,4.77
2018,Australia,Rice,5.013
2018,Australia,Soybeans,3.37
2018,Australia,Sugarcane,4.481
2018,Australia,Vegetables,4.971
2018,Brazil,Barley,7.24
2018,Brazil,Coffee,2.007
2018,Brazil,Corn,1.889
2018,Brazil,Cotton,10.247
2018,Brazil,Fruits,6.365
2018,Brazil,Rice,4.815
2018,Brazil,Soybeans,2.952
2018,Brazil,Sugarcane,1.69
2018,Brazil,Vegetables,4.5
2018,Brazil,Wheat,13.861
2018,Canada,Barley,6.642
2018,Canada,Coffee,9.51
2018,Canada,Cotton,2.8800000000000003
2018,Canada,Fruits,9.832
2018,Canada,Rice,7.25
2018,Canada,Soybeans,2.8440000000000003
2018,Canada,Sugarcane,9.121
2018,Canada,Vegetables,19.381
2018,Canada,Wheat,3.49
2018,China,Barley,8.415
2018,China,Coffee,5.175000000000001
2018,China,Corn,5.002
2018,China,Cotton,13.421
2018,China,Fruits,2.9
2018,China,Rice,12.871
2018,China,Soybeans,8.654
2018,China,Sugarcane,1.566
2018,China,Vegetables,13.012
2018,China,Wheat,6.561
2018,France,Barley,1.52
2018,France,Coffee,2.99
2018,France,Corn,6.25
2018,France,Cotton,6.039999999999999
2018,France,Fruits,9.837
2018,France,Rice,9.943999999999999
2018,France,Soybeans,12.338999999999999
2018,France,Sugarcane,1.8
2018,France,Vegetables,4.248
2018,France,Wheat,3.087
2018,India,Barley,11.679
2018,India,Coffee,3.0690000000000004
2018,India,Corn,4.572
2018,India,Cotton,3.8970000000000002
2018,India,Fruits,3.5010000000000003
2018,India,Rice,2.61
2018,India,Vegetables,7.235
2018,India,Wheat,7.341
2018,Nigeria,Barley,7.473000000000001
2018,Nigeria,Coffee,1.989
2018,Nigeria,Corn,5.2379999999999995
2018,Nigeria,Cotton,6.116
2018,Nigeria,Fruits,9.206999999999999
2018,Nigeria,Rice,2.66
2018,Nigeria,Soybeans,6.9030000000000005
2018,Nigeria,Sugarcane,11.407
2018,Nigeria,Vegetables,14.04
2018,Nigeria,Wheat,4.878
2018,Russia,Barley,7.603
2018,Russia,Coffee,10.436
2018,Russia,Corn,16.253
2018,Russia,Cotton,8.272
2018,Russia,Fruits,1.71
2018,Russia,Rice,7.875
2018,Russia,Soybeans,0.738
2018,Russia,Vegetables,6.561
2018,Russia,Wheat,9.341000000000001
2018,USA,Barley,5.7989999999999995
2018,USA,Coffee,16.041
2018,USA,Corn,6.19
2018,USA,Cotton,11.058
2018,USA,Fruits,5.652
2018,USA,Rice,11.057
2018,USA,Soybeans,2.7
2018,USA,Sugarcane,1.341
2018,USA,Vegetables,2.655
2018,USA,Wheat,1.866
2019,Argentina,Barley,4.795
2019,Argentina,Coffee,4.798
2019,Argentina,Corn,12.419
2019,Argentina,Cotton,5.144
2019,Argentina,Fruits,1.16
2019,Argentina,Rice,8.361
2019,Argentina,Soybeans,8.919
2019,Argentina,Sugarcane,10.847
2019,Argentina,Vegetables,6.966
2019,Argentina,Wheat,20.312
2019,Australia,Barley,5.376
2019,Australia,Coffee,2.358
2019,Australia,Corn,4.801
2019,Australia,Cotton,13.322000000000001
2019,Australia,Fruits,16.723
2019,Australia,Rice,2.583
2019,Australia,Soybeans,2.979
2019,Australia,Sugarcane,6.923
2019,Australia,Vegetables,3.407
2019,Australia,Wheat,1.62
2019,Brazil,Barley,1.377
2019,Brazil,Coffee,1.87
2019,Brazil,Corn,7.629
2019,Brazil,Cotton,5.409000000000001
2019,Brazil,Fruits,11.964
2019,Brazil,Rice,2.423
2019,Brazil,Soybeans,4.22
2019,Brazil,Sugarcane,8.675
2019,Brazil,Vegetables,10.911
2019,Brazil,Wheat,4.284000000000001
2019,Canada,Barley,16.324
2019,Canada,Coffee,4.412
2019,Canada,Corn,1.34
2019,Canada,Cotton,14.297
2019,Canada,Fruits,13.835
2019,Canada,Soybeans,8.478000000000002
2019,Canada,Sugarcane,4.383
2019,Canada,Vegetables,6.807
2019,Canada,Wheat,8.475
2019,China,Barley,10.518
2019,China,Coffee,6.615
2019,China,Corn,2.2
2019,China,Cotton,0.7110000000000001
2019,China,Fruits,7.377
2019,China,Rice,12.945
2019,China,Soybeans,2.583
2019,China,Sugarcane,4.287
2019,China,Vegetables,15.081
2019,China,Wheat,8.527000000000001
2019,France,Barley,7.378
2019,France,Corn,5.98
2019,France,Cotton,5.6290000000000004
2019,France,Fruits,11.504999999999999
2019,France,Rice,6.922
2019,France,Soybeans,4.157
2019,France,Vegetables,5.138
2019,India,Barley,2.097
2019,India,Coffee,19.19
2019,India,Corn,2.409
2019,India,Cotton,9.306000000000001
2019,India,Fruits,10.103000000000002
2019,India,Rice,3.62
2019,India,Soybeans,16.778
2019,India,Sugarcane,4.691000000000001
2019,India,Vegetables,2.196
2019,India,Wheat,10.451
2019,Nigeria,Barley,9.175
2019,Nigeria,Corn,8.77
2019,Nigeria,Cotton,10.463000000000001
2019,Nigeria,Fruits,8.443
2019,Nigeria,Rice,3.791
2019,Nigeria,Soybeans,9.378
2019,Nigeria,Sugarcane,4.725
2019,Nigeria,Vegetables,8.937
2019,Nigeria,Wheat,8.181000000000001
2019,Russia,Barley,14.285
2019,Russia,Coffee,8.235
2019,Russia,Corn,9.192
2019,Russia,Cotton,5.985
2019,Russia,Fruits,3.1950000000000003
2019,Russia,Rice,1.629
2019,Russia,Soybeans,4.9
2019,Russia,Sugarcane,1.75
2019,Russia,Vegetables,18.07
2019,Russia,Wheat,7.582
2019,USA,Barley,2.761
2019,USA,Coffee,5.974
2019,USA,Cotton,8.388
2019,USA,Fruits,4.169
2019,USA,Rice,10.49
2019,USA,Soybeans,9.65
2019,USA,Sugarcane,3.914
2019,USA,Vegetables,13.46
2019,USA,Wheat,4.039
2020,Argentina,Barley,11.5
2020,Argentina,Coffee,2.583
2020,Argentina,Corn,4.561
2020,Argentina,Cotton,6.68
2020,Argentina,Fruits,1.76
2020,Argentina,Rice,2.619
2020,Argentina,Soybeans,11.512
2020,Argentina,Sugarcane,10.701
2020,Argentina,Vegetables,13.985
2020,Argentina,Wheat,1.79
2020,Australia,Coffee,3.72
2020,Australia,Corn,13.96
2020,Australia,Cotton,5.526000000000001
2020,Australia,Fruits,1.9460000000000002
2020,Australia,Rice,1.92
2020,Australia,Soybeans,13.655000000000001
2020,Australia,Sugarcane,9.719999999999999
2020,Australia,Vegetables,5.327
2020,Australia,Wheat,2.088
2020,Brazil,Barley,1.152
2020,Brazil,Coffee,5.3629999999999995
2020,Brazil,Corn,1.314
2020,Brazil,Cotton,1.6560000000000001
2020,Brazil,Fruits,3.276
2020,Brazil,Rice,15.683
2020,Brazil,Soybeans,11.581
2020,Brazil,Sugarcane,1.61
2020,Brazil,Vegetables,9.822000000000001
2020,Brazil,Wheat,11.958
2020,Canada,Barley,8.163
2020,Canada,Coffee,2.29
2020,Canada,Corn,1.06
2020,Canada,Cotton,5.43
2020,Canada,Fruits,3.85
2020,Canada,Rice,6.274
2020,Canada,Soybeans,2.7720000000000002
2020,Canada,Sugarcane,4.800000000000001
2020,Canada,Vegetables,2.77
2020,Canada,Wheat,8.307
2020,China,Barley,3.1180000000000003
2020,China,Coffee,7.465
2020,China,Corn,9.167
2020,China,Cotton,10.143
2020,China,Fruits,13.047
2020,China,Rice,2.88
2020,China,Soybeans,10.134
2020,China,Sugarcane,10.136
2020,China,Vegetables,9.738000000000001
2020,China,Wheat,10.379999999999999
2020,France,Barley,5.083
2020,France,Coffee,7.4559999999999995
2020,France,Corn,22.201
2020,France,Cotton,7.398
2020,France,Fruits,2.71
2020,France,Rice,1.386
2020,France,Soybeans,9.261000000000001
2020,France,Sugarcane,9.374
2020,France,Vegetables,9.659
2020,France,Wheat,3.54
2020,India,Barley,3.258
2020,India,Corn,8.84
2020,India,Cotton,5.459
2020,India,Fruits,8.11
2020,India,Rice,4.68
2020,India,Soybeans,6.561
2020,India,Sugarcane,15.812000000000001
2020,India,Wheat,4.71
2020,Nigeria,Coffee,13.122
2020,Nigeria,Corn,5.119999999999999
2020,Nigeria,Cotton,7.118
2020,Nigeria,Rice,9.138
2020,Nigeria,Soybeans,8.437000000000001
2020,Nigeria,Sugarcane,17.467
2020,Nigeria,Vegetables,8.009
2020,Nigeria,Wheat,6.003
2020,Russia,Barley,5.441000000000001
2020,Russia,Coffee,3.4829999999999997
2020,Russia,Corn,6.7860000000000005
2020,Russia,Cotton,3.446
2020,Russia,Fruits,3.4019999999999997
2020,Russia,Rice,11.021
2020,Russia,Soybeans,5.702999999999999
2020,Russia,Sugarcane,8.343
2020,Russia,Wheat,0.5040000000000001
2020,USA,Barley,5.9
2020,USA,Corn,8.962
2020,USA,Cotton,6.968
2020,USA,Fruits,2.205
2020,USA,Rice,9.859
2020,USA,Soybeans,7.837
2020,USA,Sugarcane,11.383
2020,USA,Vegetables,3.1599999999999997
2020,USA,Wheat,3.8810000000000002
2021,Argentina,Barley,10.477
2021,Argentina,Coffee,2.784
2021,Argentina,Corn,6.773
2021,Argentina,Cotton,4.8629999999999995
2021,Argentina,Fruits,2.92
2021,Argentina,Rice,2.98
2021,Argentina,Soybeans,7.413
2021,Argentina,Sugarcane,13.91
2021,Argentina,Vegetables,3.827
2021,Argentina,Wheat,9.785
2021,Australia,Barley,5.05
2021,Australia,Coffee,5.265000000000001
2021,Australia,Corn,1.65
2021,Australia,Cotton,13.567
2021,Australia,Fruits,15.319
2021,Australia,Rice,8.664
2021,Australia,Soybeans,4.929
2021,Australia,Vegetables,6.48
2021,Australia,Wheat,10.719999999999999
2021,Brazil,Barley,4.91
2021,Brazil,Coffee,9.936
2021,Brazil,Corn,9.38
2021,Brazil,Cotton,9.558
2021,Brazil,Fruits,8.997
2021,Brazil,Rice,13.76
2021,Brazil,Soybeans,10.77
2021,Brazil,Sugarcane,7.066000000000001
2021,Brazil,Vegetables,2.835
2021,Brazil,Wheat,11.86
2021,Canada,Barley,3.9480000000000004
2021,Canada,Corn,1.82
2021,Canada,Cotton,3.55
2021,Canada,Fruits,7.654
2021,Canada,Rice,3.11
2021,Canada,Sugarcane,7.587999999999999
2021,Canada,Vegetables,10.482
2021,Canada,Wheat,14.647
2021,China,Barley,10.023
2021,China,Coffee,8.608
2021,China,Corn,3.524
2021,China,Cotton,3.05
2021,China,Fruits,8.338000000000001
2021,China,Rice,10.95
2021,China,Soybeans,1.42
2021,China,Sugarcane,7.461
2021,China,Vegetables,6.77
2021,China,Wheat,4.365
2021,France,Barley,2.53
2021,France,Coffee,7.724
2021,France,Corn,12.087
2021,France,Cotton,1.1700000000000002
2021,France,Fruits,6.243
2021,France,Rice,10.476
2021,France,Soybeans,1.566
2021,France,Sugarcane,13.802
2021,France,Vegetables,12.261999999999999
2021,France,Wheat,6.376
2021,India,Barley,4.812
2021,India,Coffee,8.976
2021,India,Corn,3.546
2021,India,Cotton,8.288
2021,India,Fruits,6.159
2021,India,Rice,5.107
2021,India,Soybeans,10.297
2021,India,Sugarcane,12.192
2021,India,Vegetables,9.728
2021,India,Wheat,1.017
2021,Nigeria,Barley,3.13
2021,Nigeria,Coffee,10.669
2021,Nigeria,Corn,2.48
2021,Nigeria,Cotton,5.436
2021,Nigeria,Fruits,8.26
2021,Nigeria,Rice,13.432
2021,Nigeria,Soybeans,2.53
2021,Nigeria,Sugarcane,4.095000000000001
2021,Nigeria,Vegetables,1.908
2021,Nigeria,Wheat,12.869
2021,Russia,Barley,5.177
2021,Russia,Coffee,5.005
2021,Russia,Corn,1.3
2021,Russia,Cotton,1.6740000000000002
2021,Russia,Fruits,5.655
2021,Russia,Rice,16.67
2021,Russia,Soybeans,15.597000000000001
2021,Russia,Sugarcane,5.469
2021,Russia,Vegetables,3.5370000000000004
2021,Russia,Wheat,1.431
2021,USA,Barley,8.633
2021,USA,Coffee,1.88
2021,USA,Corn,9.109
2021,USA,Cotton,8.454
2021,USA,Fruits,13.701
2021,USA,Rice,3.73
2021,USA,Soybeans,2.862
2021,USA,Sugarcane,8.208
2021,USA,Vegetables,12.1
2021,USA,Wheat,5.0649999999999995
2022,Argentina,Barley,2.49
2022,Argentina,Coffee,4.382000000000001
2022,Argentina,Corn,12.782
2022,Argentina,Cotton,5.884
2022,Argentina,Fruits,2.061
2022,Argentina,Soybeans,5.45
2022,Argentina,Sugarcane,6.489
2022,Argentina,Vegetables,15.068
2022,Argentina,Wheat,3.091
2022,Australia,Barley,9.936
2022,Australia,Coffee,6.991
2022,Australia,Corn,16.871
2022,Australia,Cotton,12.009
2022,Australia,Fruits,3.236
2022,Australia,Rice,3.541
2022,Australia,Soybeans,5.968999999999999
2022,Australia,Sugarcane,0.95
2022,Australia,Vegetables,2.2230000000000003
2022,Australia,Wheat,8.859
2022,Brazil,Barley,7.757999999999999
2022,Brazil,Coffee,0.54
2022,Brazil,Cotton,8.066
2022,Brazil,Fruits,2.421
2022,Brazil,Rice,12.02
2022,Brazil,Soybeans,1.71
2022,Brazil,Sugarcane,6.697
2022,Brazil,Vegetables,10.332
2022,Brazil,Wheat,4.864
2022,Canada,Barley,2.81
2022,Canada,Coffee,3.58
2022,Canada,Corn,11.332
2022,Canada,Cotton,10.668
2022,Canada,Fruits,4.338
2022,Canada,Rice,2.439
2022,Canada,Soybeans,8.884
2022,Canada,Sugarcane,2.8499999999999996
2022,Canada,Vegetables,1.59
2022,China,Barley,3.1499999999999995
2022,China,Coffee,2.178
2022,China,Corn,8.674
2022,China,Cotton,8.280000000000001
2022,China,Fruits,9.17
2022,China,Rice,6.507
2022,China,Soybeans,3.02
2022,China,Sugarcane,0.7020000000000001
2022,China,Vegetables,6.197
2022,China,Wheat,4.665
2022,France,Barley,11.597000000000001
2022,France,Coffee,3.1100000000000003
2022,France,Corn,6.25
2022,France,Cotton,10.872
2022,France,Fruits,9.036999999999999
2022,France,Rice,6.078
2022,France,Soybeans,8.408999999999999
2022,France,Sugarcane,6.4879999999999995
2022,France,Vegetables,3.0780000000000003
2022,France,Wheat,7.2379999999999995
2022,India,Barley,4.923
2022,India,Coffee,6.059
2022,India,Corn,14.963000000000001
2022,India,Cotton,7.804
2022,India,Fruits,2.52
2022,India,Rice,5.3
2022,India,Soybeans,8.32
2022,India,Sugarcane,13.157
2022,India,Vegetables,2.8
2022,India,Wheat,5.607
2022,Nigeria,Barley,9.439
2022,Nigeria,Coffee,6.36
2022,Nigeria,Corn,9.527000000000001
2022,Nigeria,Cotton,7.38
2022,Nigeria,Fruits,3.048
2022,Nigeria,Rice,14.487
2022,Nigeria,Soybeans,7.290000000000001
2022,Nigeria,Sugarcane,9.885
2022,Nigeria,Wheat,4.838
2022,Russia,Barley,5.04
2022,Russia,Coffee,2.763
2022,Russia,Corn,5.27
2022,Russia,Cotton,3.4
2022,Russia,Fruits,9.236
2022,Russia,Rice,7.242
2022,Russia,Soybeans,1.32
2022,Russia,Sugarcane,9.431999999999999
2022,Russia,Vegetables,3.6720000000000006
2022,Russia,Wheat,5.9
2022,USA,Barley,9.477
2022,USA,Coffee,6.911
2022,USA,Corn,1.54
2022,USA,Cotton,4.833
2022,USA,Fruits,9.364
2022,USA,Rice,3.7800000000000002
2022,USA,Soybeans,5.013
2022,USA,Sugarcane,7.977
2022,USA,Vegetables,11.399000000000001
2022,USA,Wheat,5.675
2023,Argentina,Barley,8.495999999999999
2023,Argentina,Coffee,3.312
2023,Argentina,Cotton,2.747
2023,Argentina,Fruits,1.1
2023,Argentina,Rice,13.214
2023,Argentina,Soybeans,3.5700000000000003
2023,Argentina,Sugarcane,4.103
2023,Argentina,Wheat,6.468
2023,Australia,Barley,4.934
2023,Australia,Coffee,3.1530000000000005
2023,Australia,Corn,7.209
2023,Australia,Cotton,11.55
2023,Australia,Fruits,6.212999999999999
2023,Australia,Rice,3.726
2023,Australia,Soybeans,6.23
2023,Australia,Sugarcane,8.692
2023,Australia,Vegetables,13.974
2023,Australia,Wheat,2.58
2023,Brazil,Barley,3.84
2023,Brazil,Coffee,0.8280000000000001
2023,Brazil,Corn,8.507000000000001
2023,Brazil,Cotton,15.142
2023,Brazil,Fruits,6.609
2023,Brazil,Rice,1.512
2023,Brazil,Soybeans,6.966000000000001
2023,Brazil,Vegetables,4.869000000000001
2023,Brazil,Wheat,6.231999999999999
2023,Canada,Barley,10.422
2023,Canada,Coffee,7.071
2023,Canada,Corn,3.825
2023,Canada,Cotton,3.519
2023,Canada,Fruits,5.59
2023,Canada,Rice,12.33
2023,Canada,Soybeans,11.244
2023,Canada,Sugarcane,11.142
2023,Canada,Wheat,6.84
2023,China,Barley,3.561
2023,China,Coffee,3.692
2023,China,Corn,4.48
2023,China,Cotton,3.24
2023,China,Fruits,3.436
2023,China,Rice,3.924
2023,China,Soybeans,7.074
2023,China,Sugarcane,15.030999999999999
2023,China,Vegetables,9.876999999999999
2023,China,Wheat,3.7800000000000002
2023,France,Coffee,14.983
2023,France,Corn,2.826
2023,France,Cotton,7.698
2023,France,Fruits,6.611000000000001
2023,France,Soybeans,7.623
2023,France,Sugarcane,13.222999999999999
2023,France,Vegetables,5.414
2023,France,Wheat,8.744
2023,India,Barley,12.533999999999999
2023,India,Coffee,3.8810000000000002
2023,India,Corn,11.048
2023,India,Fruits,14.724
2023,India,Rice,7.585
2023,India,Soybeans,7.163
2023,India,Sugarcane,15.711
2023,India,Vegetables,0.64
2023,India,Wheat,8.716000000000001
2023,Nigeria,Barley,11.565
2023,Nigeria,Coffee,3.57
2023,Nigeria,Corn,9.407
2023,Nigeria,Fruits,2.475
2023,Nigeria,Rice,16.766000000000002
2023,Nigeria,Soybeans,11.579
2023,Nigeria,Sugarcane,11.483
2023,Nigeria,Vegetables,9.821
2023,Nigeria,Wheat,2.52
2023,Russia,Barley,4.086
2023,Russia,Coffee,3.33
2023,Russia,Corn,10.675
2023,Russia,Cotton,2.712
2023,Russia,Fruits,5.688000000000001
2023,Russia,Rice,3.65
2023,Russia,Soybeans,4.486
2023,Russia,Sugarcane,6.45
2023,Russia,Vegetables,12.446
2023,Russia,Wheat,8.738
2023,USA,Barley,0.74
2023,USA,Coffee,12.084
2023,USA,Corn,9.523
2023,USA,Cotton,9.0
2023,USA,Fruits,2.73
2023,USA,Rice,4.880000000000001
2023,USA,Soybeans,1.86
2023,USA,Sugarcane,6.074
2023,USA,Vegetables,5.62
2023,USA,Wheat,5.058
2024,Argentina,Barley,1.99
2024,Argentina,Coffee,4.578
2024,Argentina,Corn,4.42
2024,Argentina,Cotton,7.775
2024,Argentina,Fruits,13.674
2024,Argentina,Rice,5.598000000000001
2024,Argentina,Soybeans,1.638
2024,Argentina,Sugarcane,7.479000000000001
2024,Argentina,Vegetables,0.72
2024,Argentina,Wheat,2.196
2024,Australia,Barley,5.616
2024,Australia,Coffee,6.516
2024,Australia,Corn,10.107000000000001
2024,Australia,Cotton,13.137
2024,Australia,Fruits,3.5370000000000004
2024,Australia,Rice,6.889
2024,Australia,Soybeans,8.082
2024,Australia,Sugarcane,14.881
2024,Australia,Vegetables,8.919
2024,Australia,Wheat,3.375
2024,Brazil,Barley,8.544
2024,Brazil,Coffee,7.489999999999999
2024,Brazil,Corn,6.4350000000000005
2024,Brazil,Cotton,14.924
2024,Brazil,Rice,5.753
2024,Brazil,Soybeans,6.0009999999999994
2024,Brazil,Sugarcane,3.501
2024,Brazil,Vegetables,3.663
2024,Brazil,Wheat,9.846
2024,Canada,Barley,9.21
2024,Canada,Coffee,7.417
2024,Canada,Corn,3.737
2024,Canada,Cotton,6.961
2024,Canada,Fruits,3.84
2024,Canada,Rice,6.9
2024,Canada,Soybeans,1.88
2024,Canada,Sugarcane,2.484
2024,Canada,Vegetables,9.341000000000001
2024,Canada,Wheat,7.8500000000000005
2024,China,Barley,5.8740000000000006
2024,China,Coffee,7.9399999999999995
2024,China,Corn,10.845
2024,China,Cotton,4.8629999999999995
2024,China,Fruits,5.949
2024,China,Rice,8.07
2024,China,Soybeans,1.61
2024,China,Sugarcane,3.51
2024,China,Vegetables,1.575
2024,France,Barley,0.84
2024,France,Coffee,11.975999999999999
2024,France,Corn,8.541
2024,France,Cotton,1.431
2024,France,Fruits,9.045000000000002
2024,France,Rice,16.962
2024,France,Soybeans,5.377
2024,France,Sugarcane,1.09
2024,France,Vegetables,2.601
2024,France,Wheat,3.12
2024,India,Barley,3.1769999999999996
2024,India,Coffee,10.783
2024,India,Corn,5.4190000000000005
2024,India,Cotton,1.584
2024,India,Fruits,4.491
2024,India,Rice,0.61
2024,India,Soybeans,5.031000000000001
2024,India,Sugarcane,3.75
2024,India,Vegetables,15.748999999999999
2024,India,Wheat,3.552
2024,Nigeria,Barley,9.431000000000001
2024,Nigeria,Coffee,4.732
2024,Nigeria,Cotton,3.7170000000000005
2024,Nigeria,Rice,12.75
2024,Nigeria,Soybeans,7.765
2024,Nigeria,Sugarcane,1.683
2024,Nigeria,Vegetables,1.967
2024,Nigeria,Wheat,6.215
2024,Russia,Barley,8.644
2024,Russia,Coffee,9.829
2024,Russia,Corn,2.4480000000000004
2024,Russia,Cotton,2.03
2024,Russia,Fruits,6.909
2024,Russia,Rice,6.555
2024,Russia,Soybeans,3.524
2024,Russia,Sugarcane,4.798
2024,Russia,Vegetables,3.8970000000000002
2024,Russia,Wheat,4.845
2024,USA,Barley,12.77
2024,USA,Coffee,13.272
2024,USA,Corn,7.284000000000001
2024,USA,Cotton,6.7620000000000005
2024,USA,Fruits,3.222
2024,USA,Rice,6.016
2024,USA,Soybeans,8.21
2024,USA,Sugarcane,7.474
2024,USA,Vegetables,4.509
2024,USA,Wheat,3.9619999999999997
